scenario,date,start_interval,end_interval_exclusive,time_range,amount_kwh
problem2,2025-02-02,123,124,20:30-20:40,34.84788500914783
problem2,2025-02-09,35,37,05:50-06:10,54.166176874547205
problem2,2025-02-09,61,65,10:10-10:50,646.4587368222857
problem2,2025-02-09,119,131,19:50-21:50,3376.9481258540573
problem2,2025-02-16,35,39,05:50-06:30,145.51555000000008
problem2,2025-02-16,54,65,09:00-10:50,2441.6853603549184
problem2,2025-02-16,119,131,19:50-21:50,3132.418236491519
problem2,2025-02-19,38,39,06:20-06:30,50.05068845276105
problem2,2025-02-19,128,129,21:20-21:30,3.7544438426423996
problem2,2025-02-20,36,37,06:00-06:10,14.185289124078281
problem2,2025-02-23,35,38,05:50-06:20,94.49600000000021
problem2,2025-02-23,54,64,09:00-10:40,1863.4234985564042
problem2,2025-02-23,121,131,20:10-21:50,2332.0521433224258
problem2,2025-02-24,36,37,06:00-06:10,13.290891140946542
problem2,2025-02-24,125,126,20:50-21:00,10.167333472738665
problem2,2025-02-25,35,36,05:50-06:00,32.63818311470584
problem2,2025-02-25,38,39,06:20-06:30,26.620571822937563
problem2,2025-02-26,123,124,20:30-20:40,238.4379694155727
problem2,2025-02-27,36,37,06:00-06:10,4.816701799138286
problem2,2025-02-27,57,62,09:30-10:20,438.42066303380903
problem2,2025-03-02,59,64,09:50-10:40,274.74927287112956
problem2,2025-03-02,114,131,19:00-21:50,7414.23243552
problem2,2025-03-03,61,64,10:10-10:40,225.13835860522863
problem2,2025-03-03,122,127,20:20-21:10,988.7468282931817
problem2,2025-03-03,128,131,21:20-21:50,39.25611096669288
problem2,2025-03-05,35,36,05:50-06:00,3.286666666666747
problem2,2025-03-06,123,126,20:30-21:00,108.3207218085438
problem2,2025-03-09,53,61,08:50-10:10,951.9190873916278
problem2,2025-03-09,121,131,20:10-21:50,1839.8329247502372
problem2,2025-03-10,122,124,20:20-20:40,822.730924927043
problem2,2025-03-13,64,65,10:40-10:50,52.26095023505536
problem2,2025-03-13,121,125,20:10-20:50,1913.8227772484902
problem2,2025-03-16,35,36,05:50-06:00,1.6400000000001
problem2,2025-03-16,50,56,08:20-09:20,1261.3858869200953
problem2,2025-03-16,120,127,20:00-21:10,2861.040619874111
problem2,2025-03-16,128,131,21:20-21:50,108.67569885990403
problem2,2025-03-18,54,60,09:00-10:00,625.8943900303709
problem2,2025-03-20,123,124,20:30-20:40,108.87369475965477
problem2,2025-03-23,50,60,08:20-10:00,1658.669656172009
problem2,2025-03-23,122,127,20:20-21:10,957.225663271776
problem2,2025-03-23,128,131,21:20-21:50,62.77669050771449
problem2,2025-03-30,50,57,08:20-09:30,1054.1347866333413
problem2,2025-03-30,121,125,20:10-20:50,1698.489322731535
problem2,2025-03-30,127,131,21:10-21:50,44.96797143629194
problem2,2025-04-01,122,125,20:20-20:50,759.6859233157768
problem2,2025-04-02,51,62,08:30-10:20,1935.4046713437174
problem2,2025-04-06,55,56,09:10-09:20,4.949880444031283
problem2,2025-04-06,123,131,20:30-21:50,738.2027381901754
problem2,2025-04-08,54,58,09:00-09:40,106.737274169066
problem2,2025-04-08,123,125,20:30-20:50,29.870296144699296
problem2,2025-04-08,127,128,21:10-21:20,1.6099544545487792
problem2,2025-04-09,122,126,20:20-21:00,1372.111283987338
problem2,2025-04-13,121,129,20:10-21:30,2343.0750188282946
problem2,2025-04-13,130,131,21:40-21:50,7.144423513797255
problem2,2025-04-20,121,126,20:10-21:00,1482.1621239122842
problem2,2025-04-20,128,130,21:20-21:40,21.125304531695587
problem2,2025-04-27,48,55,08:00-09:10,1197.3849244979654
problem2,2025-04-27,121,124,20:10-20:40,1608.8110479578802
problem2,2025-04-27,125,130,20:50-21:40,83.392733837173
problem2,2025-04-28,118,126,19:40-21:00,4171.822125966072
problem2,2025-04-29,123,124,20:30-20:40,18.230421524747953
problem2,2025-05-01,122,131,20:20-21:50,1965.6559188996898
problem2,2025-05-03,124,125,20:40-20:50,135.98624289317303
problem2,2025-05-03,126,131,21:00-21:50,211.40001974532
problem2,2025-05-04,112,113,18:40-18:50,5.9969500000000835
problem2,2025-05-04,121,131,20:10-21:50,2689.1797192393637
problem2,2025-05-05,121,129,20:10-21:30,1797.7055782288735
problem2,2025-05-06,123,126,20:30-21:00,614.6318932576486
problem2,2025-05-06,127,131,21:10-21:50,125.85514817996557
problem2,2025-05-07,122,125,20:20-20:50,1649.6811522692726
problem2,2025-05-07,126,129,21:00-21:30,92.95224379011059
problem2,2025-05-08,120,122,20:00-20:20,82.43748333333338
problem2,2025-05-08,123,124,20:30-20:40,224.61130713579382
problem2,2025-05-08,130,131,21:40-21:50,36.88074791410886
problem2,2025-05-11,115,131,19:10-21:50,5036.119860314826
problem2,2025-05-12,123,126,20:30-21:00,328.60971305484986
problem2,2025-05-13,123,124,20:30-20:40,123.7312333333324
problem2,2025-05-13,126,128,21:00-21:20,13.624692946563368
problem2,2025-05-14,123,125,20:30-20:50,53.10792821314567
problem2,2025-05-18,119,125,19:50-20:50,3530.312096459576
problem2,2025-05-18,126,131,21:00-21:50,200.84136550092055
problem2,2025-05-19,122,123,20:20-20:30,67.00333333333344
problem2,2025-05-20,123,125,20:30-20:50,182.56097905091497
problem2,2025-05-25,123,127,20:30-21:10,704.9430614695669
problem2,2025-05-25,130,131,21:40-21:50,29.115617468459913
problem2,2025-05-29,115,116,19:10-19:20,17.817433333333497
problem2,2025-06-01,53,70,08:50-11:40,2543.0404001377383
problem2,2025-06-01,71,72,11:50-12:00,20.337860833333526
problem2,2025-06-01,88,131,14:40-21:50,14218.188220552373
problem2,2025-06-02,54,57,09:00-09:30,367.7483967812001
problem2,2025-06-02,115,131,19:10-21:50,5484.719107843312
problem2,2025-06-03,53,62,08:50-10:20,1097.769151242382
problem2,2025-06-03,113,115,18:50-19:10,62.622994180400156
problem2,2025-06-03,117,119,19:30-19:50,149.77470542624133
problem2,2025-06-03,120,124,20:00-20:40,2777.81534545589
problem2,2025-06-03,125,131,20:50-21:50,192.70368910475887
problem2,2025-06-04,56,60,09:20-10:00,82.4565008432559
problem2,2025-06-04,113,116,18:50-19:20,102.70778400585766
problem2,2025-06-04,118,125,19:40-20:50,3549.356987919639
problem2,2025-06-04,126,130,21:00-21:40,111.77848535101415
problem2,2025-06-05,52,60,08:40-10:00,972.7352088774053
problem2,2025-06-05,113,117,18:50-19:30,210.71301607430462
problem2,2025-06-05,118,126,19:40-21:00,2940.762891466748
problem2,2025-06-08,113,121,18:50-20:10,487.51804224584646
problem2,2025-06-08,122,131,20:20-21:50,1749.0726672869941
problem2,2025-06-09,113,114,18:50-19:00,22.476014444007774
problem2,2025-06-09,116,120,19:20-20:00,33.486568298821226
problem2,2025-06-09,122,124,20:20-20:40,1678.6237549809757
problem2,2025-06-10,114,116,19:00-19:20,26.168729016689213
problem2,2025-06-11,56,65,09:20-10:50,1611.3031670751109
problem2,2025-06-11,113,117,18:50-19:30,50.321470683406005
problem2,2025-06-11,120,125,20:00-20:50,1919.6781969552558
problem2,2025-06-12,119,120,19:50-20:00,14.207778347774138
problem2,2025-06-15,62,66,10:20-11:00,240.54772184080548
problem2,2025-06-15,116,124,19:20-20:40,5083.592617811209
problem2,2025-06-15,127,131,21:10-21:50,226.28638232358247
problem2,2025-06-16,115,117,19:10-19:30,9.819698583168474
problem2,2025-06-16,119,121,19:50-20:10,30.375715370122293
problem2,2025-06-17,116,117,19:20-19:30,17.268606401415127
problem2,2025-06-17,122,124,20:20-20:40,38.258660229384645
problem2,2025-06-19,114,117,19:00-19:30,72.41485122455288
problem2,2025-06-22,116,120,19:20-20:00,127.23355211340993
problem2,2025-06-22,122,128,20:20-21:20,956.5355521205894
problem2,2025-06-24,57,65,09:30-10:50,1764.4331221127181
problem2,2025-06-26,114,115,19:00-19:10,9.65181628504979
problem2,2025-06-29,57,61,09:30-10:10,175.4581672588213
problem2,2025-07-01,113,121,18:50-20:10,378.5126647916551
problem2,2025-07-01,122,131,20:20-21:50,695.679177863856
problem2,2025-07-02,113,117,18:50-19:30,218.92104819722965
problem2,2025-07-02,118,121,19:40-20:10,170.4023538239038
problem2,2025-07-02,122,127,20:20-21:10,256.5411121036442
problem2,2025-07-03,55,63,09:10-10:30,820.4332483300456
problem2,2025-07-03,113,114,18:50-19:00,38.42829864174735
problem2,2025-07-03,117,119,19:30-19:50,39.3657866524419
problem2,2025-07-03,122,125,20:20-20:50,882.7062272831892
problem2,2025-07-03,126,131,21:00-21:50,285.28479984871035
problem2,2025-07-06,49,58,08:10-09:40,1918.1192163031976
problem2,2025-07-06,59,61,09:50-10:10,195.78462166666685
problem2,2025-07-06,113,131,18:50-21:50,9994.893460766969
problem2,2025-07-07,114,116,19:00-19:20,53.90574948734468
problem2,2025-07-07,117,121,19:30-20:10,89.94074563371998
problem2,2025-07-07,122,124,20:20-20:40,12.976966061157214
problem2,2025-07-07,127,131,21:10-21:50,95.8034137688614
problem2,2025-07-08,113,114,18:50-19:00,53.94008587742337
problem2,2025-07-08,117,118,19:30-19:40,2.8276823814783256
problem2,2025-07-08,120,121,20:00-20:10,0.6588743747770422
problem2,2025-07-08,122,124,20:20-20:40,381.73266048958
problem2,2025-07-09,116,118,19:20-19:40,45.35808922590968
problem2,2025-07-10,113,116,18:50-19:20,98.65745611602881
problem2,2025-07-10,122,123,20:20-20:30,39.973033828418124
problem2,2025-07-13,113,131,18:50-21:50,4049.5943577024436
problem2,2025-07-14,113,114,18:50-19:00,44.236854755452896
problem2,2025-07-14,117,119,19:30-19:50,42.431790605081915
problem2,2025-07-14,120,121,20:00-20:10,2.3288363932504126
problem2,2025-07-16,120,121,20:00-20:10,33.880816088912525
problem2,2025-07-20,113,126,18:50-21:00,6693.00134276459
problem2,2025-07-20,127,131,21:10-21:50,189.3383737004974
problem2,2025-07-22,119,121,19:50-20:10,11.783891994406758
problem2,2025-07-27,53,57,08:50-09:30,664.8701380851895
problem2,2025-07-27,113,114,18:50-19:00,8.21332290008877
problem2,2025-07-27,115,118,19:10-19:40,43.094835075188485
problem2,2025-07-27,119,124,19:50-20:40,3324.3886118568385
problem2,2025-08-03,114,120,19:00-20:00,180.42577377203418
problem2,2025-08-07,120,121,20:00-20:10,3.5106137122135124
problem2,2025-08-10,120,121,20:00-20:10,4.563050459598685
problem2,2025-08-10,122,126,20:20-21:00,1257.9627205950528
problem2,2025-08-11,116,117,19:20-19:30,28.482625107801027
problem2,2025-08-12,114,116,19:00-19:20,8.129500201853716
problem2,2025-08-13,123,124,20:30-20:40,23.78518246362171
problem2,2025-08-14,113,115,18:50-19:10,23.42252202094653
problem2,2025-08-14,123,124,20:30-20:40,15.07547633756974
problem2,2025-08-17,114,119,19:00-19:50,273.64571671719443
problem2,2025-08-17,122,124,20:20-20:40,809.427896539578
problem2,2025-08-17,130,131,21:40-21:50,25.616716657539293
problem2,2025-08-18,114,115,19:00-19:10,15.424190045455703
problem2,2025-08-18,119,120,19:50-20:00,38.398459136490715
problem2,2025-08-18,122,124,20:20-20:40,48.3840135446178
problem2,2025-08-19,116,119,19:20-19:50,102.20532700356739
problem2,2025-08-19,120,121,20:00-20:10,30.382330544118872
problem2,2025-08-20,53,57,08:50-09:30,477.0065959881392
problem2,2025-08-20,115,116,19:10-19:20,0.19538223088534323
problem2,2025-08-20,119,121,19:50-20:10,44.495245881892515
problem2,2025-08-20,122,124,20:20-20:40,1496.7075816869478
problem2,2025-08-20,125,126,20:50-21:00,19.589864209836104
problem2,2025-08-21,122,123,20:20-20:30,19.116396936897218
problem2,2025-08-24,113,114,18:50-19:00,26.274008423035866
problem2,2025-08-24,117,130,19:30-21:40,2452.0994789935457
problem2,2025-08-25,115,117,19:10-19:30,28.274837548055643
problem2,2025-08-25,120,124,20:00-20:40,2092.36751288628
problem2,2025-08-26,118,120,19:40-20:00,13.496319060433962
problem2,2025-08-27,113,114,18:50-19:00,22.981176869210003
problem2,2025-08-27,116,117,19:20-19:30,22.088297148254583
problem2,2025-08-27,119,120,19:50-20:00,5.870696368154199
problem2,2025-08-28,113,114,18:50-19:00,33.778471546091396
problem2,2025-08-28,119,121,19:50-20:10,36.6808442916564
problem2,2025-08-28,122,124,20:20-20:40,995.9527953627279
problem2,2025-08-31,47,54,07:50-09:00,1037.0881981595978
problem2,2025-08-31,113,125,18:50-20:50,4652.191379383273
problem2,2025-09-07,47,55,07:50-09:10,1734.8035523886683
problem2,2025-09-07,121,124,20:10-20:40,2087.9795491456757
problem2,2025-09-07,126,128,21:00-21:20,57.05738678844679
problem2,2025-09-08,123,124,20:30-20:40,431.98462054044023
problem2,2025-09-10,52,58,08:40-09:40,803.6810379019034
problem2,2025-09-10,122,124,20:20-20:40,1364.5652197500797
problem2,2025-09-14,43,56,07:10-09:20,3438.1730677267856
problem2,2025-09-14,115,131,19:10-21:50,7054.037540346304
problem2,2025-09-15,118,119,19:40-19:50,1.1717666666667128
problem2,2025-09-16,115,116,19:10-19:20,8.238266666666732
problem2,2025-09-16,123,125,20:30-20:50,64.33813071903228
problem2,2025-09-17,35,36,05:50-06:00,7.62916666666672
problem2,2025-09-17,56,58,09:20-09:40,81.89797849406871
problem2,2025-09-17,59,60,09:50-10:00,1.820590666666794
problem2,2025-09-18,123,124,20:30-20:40,2.4633999999999787
problem2,2025-09-18,129,130,21:30-21:40,10.130230306534962
problem2,2025-09-21,48,53,08:00-08:50,970.9098361956492
problem2,2025-09-21,117,131,19:30-21:50,5527.205662204593
problem2,2025-09-22,118,120,19:40-20:00,19.555900000000065
problem2,2025-09-22,123,124,20:30-20:40,79.84719549146473
problem2,2025-09-22,127,131,21:10-21:50,91.93136052855095
problem2,2025-09-23,122,127,20:20-21:10,572.6541060806662
problem2,2025-09-23,128,129,21:20-21:30,3.793471851778918
problem2,2025-09-24,56,58,09:20-09:40,28.325007482845965
problem2,2025-09-25,113,114,18:50-19:00,15.37166666666667
problem2,2025-09-25,126,129,21:00-21:30,51.36727052836727
problem2,2025-09-28,48,59,08:00-09:50,2538.314723580227
problem2,2025-09-28,116,117,19:20-19:30,5.868333333333339
problem2,2025-09-28,118,131,19:40-21:50,4477.414111507369
problem2,2025-09-29,36,37,06:00-06:10,20.39463333333333
problem2,2025-09-29,123,125,20:30-20:50,343.73931637142334
problem2,2025-09-30,56,58,09:20-09:40,110.41435525083611
problem2,2025-09-30,60,61,10:00-10:10,3.8029135000000895
problem2,2025-09-30,120,121,20:00-20:10,31.411150000000134
problem2,2025-09-30,123,128,20:30-21:20,751.131181683611
problem2,2025-10-05,49,56,08:10-09:20,1097.6838539464459
problem2,2025-10-05,123,124,20:30-20:40,308.6402556271402
problem2,2025-10-05,127,129,21:10-21:30,61.63406324708071
problem2,2025-10-12,36,37,06:00-06:10,20.929933333333338
problem2,2025-10-12,50,56,08:20-09:20,1008.5705850359298
problem2,2025-10-12,121,124,20:10-20:40,2037.4383577002295
problem2,2025-10-12,126,131,21:00-21:50,65.11965922599725
problem2,2025-10-14,55,58,09:10-09:40,224.4174478765745
problem2,2025-10-15,123,124,20:30-20:40,66.74262234598041
problem2,2025-10-16,122,124,20:20-20:40,1084.3159529743857
problem2,2025-10-19,49,58,08:10-09:40,1981.274531158161
problem2,2025-10-19,118,131,19:40-21:50,4378.535480066126
problem2,2025-10-20,56,61,09:20-10:10,447.3021736270991
problem2,2025-10-22,57,62,09:30-10:20,637.9438472760803
problem2,2025-10-22,123,126,20:30-21:00,118.03156404401784
problem2,2025-10-22,130,131,21:40-21:50,10.420177466709287
problem2,2025-10-26,53,59,08:50-09:50,628.5071857238571
problem2,2025-10-26,121,131,20:10-21:50,1780.8788942798428
problem2,2025-10-27,36,37,06:00-06:10,15.890929132416204
problem2,2025-10-27,123,124,20:30-20:40,320.68001705442845
problem2,2025-10-29,59,63,09:50-10:30,273.69423140331094
problem2,2025-10-29,121,129,20:10-21:30,1695.177015976988
problem2,2025-10-30,36,37,06:00-06:10,3.641833333333352
problem2,2025-10-30,123,126,20:30-21:00,126.72731462365573
problem2,2025-10-30,128,131,21:20-21:50,55.75470217521274
problem2,2025-11-02,53,61,08:50-10:10,1573.0316671275436
problem2,2025-11-02,121,131,20:10-21:50,2310.826268001851
problem2,2025-11-04,35,37,05:50-06:10,33.599550000000136
problem2,2025-11-04,123,124,20:30-20:40,346.5662158718001
problem2,2025-11-04,126,128,21:00-21:20,58.56890888965752
problem2,2025-11-06,58,64,09:40-10:40,632.9574522453721
problem2,2025-11-06,127,131,21:10-21:50,94.29032041155544
problem2,2025-11-09,56,62,09:20-10:20,618.0522723820832
problem2,2025-11-09,120,131,20:00-21:50,2592.4102429867307
problem2,2025-11-10,123,124,20:30-20:40,122.15798056309586
problem2,2025-11-10,125,126,20:50-21:00,16.283629560915482
problem2,2025-11-10,130,131,21:40-21:50,21.058088783737436
problem2,2025-11-12,123,124,20:30-20:40,23.076747852648282
problem2,2025-11-13,123,124,20:30-20:40,81.26142659302411
problem2,2025-11-16,60,65,10:00-10:50,603.7449027772122
problem2,2025-11-16,121,125,20:10-20:50,1991.2193608970445
problem2,2025-11-16,127,130,21:10-21:40,76.74673806969709
problem2,2025-11-19,35,36,05:50-06:00,1.3850000000001046
problem2,2025-11-23,59,65,09:50-10:50,1013.6203437019813
problem2,2025-11-23,123,129,20:30-21:30,848.9844241329474
problem2,2025-11-24,36,37,06:00-06:10,18.83966666666663
problem2,2025-11-24,123,126,20:30-21:00,4.256417050230084
problem2,2025-11-26,36,37,06:00-06:10,32.99316666666664
problem2,2025-11-30,36,37,06:00-06:10,6.062833333333515
problem2,2025-11-30,60,65,10:00-10:50,515.8714269103372
problem2,2025-11-30,120,124,20:00-20:40,2474.571198871997
problem2,2025-11-30,128,131,21:20-21:50,107.4384341932207
problem2,2025-12-01,36,37,06:00-06:10,89.72379915089186
problem2,2025-12-01,47,49,07:50-08:10,113.36543333333316
problem2,2025-12-01,54,65,09:00-10:50,3856.9027768554683
problem2,2025-12-01,123,124,20:30-20:40,335.20880783826834
problem2,2025-12-02,36,37,06:00-06:10,68.53434167822115
problem2,2025-12-02,47,50,07:50-08:20,173.89789266476544
problem2,2025-12-02,55,65,09:10-10:50,3567.142706685136
problem2,2025-12-02,122,125,20:20-20:50,977.9705638083376
problem2,2025-12-02,128,131,21:20-21:50,37.55628206900237
problem2,2025-12-03,47,49,07:50-08:10,47.89181203380713
problem2,2025-12-03,58,64,09:40-10:40,1262.7372952481842
problem2,2025-12-03,123,124,20:30-20:40,388.5350389335283
problem2,2025-12-03,126,127,21:00-21:10,0.35305351165477505
problem2,2025-12-04,48,50,08:00-08:20,108.65656309564997
problem2,2025-12-04,56,65,09:20-10:50,2641.2804269277067
problem2,2025-12-04,123,125,20:30-20:50,122.94666354460367
problem2,2025-12-07,36,37,06:00-06:10,55.054800000000114
problem2,2025-12-07,47,49,07:50-08:10,164.7132833333335
problem2,2025-12-07,55,65,09:10-10:50,3302.1908961183794
problem2,2025-12-07,118,126,19:40-21:00,3983.311361027814
problem2,2025-12-07,128,131,21:20-21:50,119.61155944697214
problem2,2025-12-09,47,50,07:50-08:20,138.38569225205845
problem2,2025-12-09,123,124,20:30-20:40,160.65266105067872
problem2,2025-12-09,126,128,21:00-21:20,25.466916148025554
problem2,2025-12-14,36,37,06:00-06:10,54.564363825236796
problem2,2025-12-14,47,49,07:50-08:10,87.21601666666663
problem2,2025-12-14,56,65,09:20-10:50,2872.8272596846473
problem2,2025-12-14,118,131,19:40-21:50,4390.3530266134185
problem2,2025-12-15,47,48,07:50-08:00,4.2083267739176335
problem2,2025-12-21,47,49,07:50-08:10,90.81919855656281
problem2,2025-12-21,60,65,10:00-10:50,1351.592622436563
problem2,2025-12-21,119,131,19:50-21:50,3289.5640666933405
problem2,2025-12-28,47,50,07:50-08:20,140.3975697617551
problem2,2025-12-28,122,131,20:20-21:50,1177.0506332639643
problem3,2025-02-06,48,49,08:00-08:10,21.052866666666773
problem3,2025-02-07,124,131,20:40-21:50,1311.9916114121006
problem3,2025-02-08,124,125,20:40-20:50,3.038050000001533
problem3,2025-02-11,36,37,06:00-06:10,18.02044683273857
problem3,2025-02-11,62,64,10:20-10:40,60.82075158149242
problem3,2025-02-12,36,37,06:00-06:10,2.377683831572199
problem3,2025-02-14,124,131,20:40-21:50,1309.6231534135961
problem3,2025-02-15,126,131,21:00-21:50,271.6986017990707
problem3,2025-02-16,35,37,05:50-06:10,86.17759041630859
problem3,2025-02-16,38,39,06:20-06:30,33.261748682398434
problem3,2025-02-16,59,65,09:50-10:50,1002.0013562055005
problem3,2025-02-17,36,37,06:00-06:10,0.28882968619984695
problem3,2025-02-18,36,37,06:00-06:10,8.790000487613497
problem3,2025-02-18,38,39,06:20-06:30,1.0389171678335742
problem3,2025-02-19,37,39,06:10-06:30,56.20950347218934
problem3,2025-02-19,60,64,10:00-10:40,143.6248599296284
problem3,2025-02-20,36,37,06:00-06:10,28.132351197352364
problem3,2025-02-21,125,131,20:50-21:50,843.3158738664308
problem3,2025-02-22,129,131,21:30-21:50,119.4669014139287
problem3,2025-02-23,35,38,05:50-06:20,94.49600000000021
problem3,2025-02-23,60,64,10:00-10:40,301.4547223662486
problem3,2025-02-24,36,37,06:00-06:10,14.470338772603668
problem3,2025-02-25,35,39,05:50-06:30,70.44509347134738
problem3,2025-02-26,36,39,06:00-06:30,14.27206961248919
problem3,2025-02-28,126,131,21:00-21:50,1132.3885755650722
problem3,2025-03-01,124,129,20:40-21:30,181.93771998437708
problem3,2025-03-01,130,131,21:40-21:50,13.338041436782294
problem3,2025-03-05,35,36,05:50-06:00,3.286666666666747
problem3,2025-03-07,123,131,20:30-21:50,688.589432983121
problem3,2025-03-09,56,61,09:20-10:10,301.6785029582229
problem3,2025-03-11,56,57,09:20-09:30,2.327934722432337
problem3,2025-03-14,123,126,20:30-21:00,437.77768510824404
problem3,2025-03-14,129,131,21:30-21:50,46.70686658804841
problem3,2025-03-15,124,131,20:40-21:50,302.5660810234631
problem3,2025-03-16,35,36,05:50-06:00,1.6400000000001
problem3,2025-03-16,50,56,08:20-09:20,866.6674187272489
problem3,2025-03-17,53,56,08:50-09:20,115.83354999999786
problem3,2025-03-21,124,131,20:40-21:50,750.8856089282731
problem3,2025-03-27,55,58,09:10-09:40,162.20033488964407
problem3,2025-03-28,127,131,21:10-21:50,731.2573992541336
problem3,2025-03-30,53,57,08:50-09:30,268.18102835887464
problem3,2025-04-04,129,131,21:30-21:50,430.5460449392634
problem3,2025-04-06,54,56,09:00-09:20,35.40184012451029
problem3,2025-04-11,128,130,21:20-21:40,485.5032807437119
problem3,2025-04-18,129,131,21:30-21:50,429.423002850279
problem3,2025-04-25,129,131,21:30-21:50,178.71703775387377
problem3,2025-05-01,123,127,20:30-21:10,573.5508931435107
problem3,2025-05-01,128,129,21:20-21:30,5.079997146824939
problem3,2025-05-02,123,128,20:30-21:20,918.1180772739406
problem3,2025-05-02,129,131,21:30-21:50,120.45839352752691
problem3,2025-05-03,123,125,20:30-20:50,184.32031315394892
problem3,2025-05-03,126,131,21:00-21:50,199.52699500905
problem3,2025-05-08,120,121,20:00-20:10,35.999250000000075
problem3,2025-05-09,124,131,20:40-21:50,750.4663954189098
problem3,2025-05-10,124,127,20:40-21:10,87.29616480905912
problem3,2025-05-10,128,131,21:20-21:50,57.66647942253282
problem3,2025-05-11,116,117,19:20-19:30,9.942220460071212
problem3,2025-05-16,124,125,20:40-20:50,10.545059884728744
problem3,2025-05-16,126,131,21:00-21:50,909.2783797626425
problem3,2025-05-17,124,125,20:40-20:50,145.5740676408319
problem3,2025-05-19,122,123,20:20-20:30,66.47978457426177
problem3,2025-06-13,125,126,20:50-21:00,10.684643654837394
problem3,2025-06-15,61,65,10:10-10:50,313.91704364390966
problem3,2025-06-19,116,117,19:20-19:30,3.4920469451540157
problem3,2025-06-20,125,131,20:50-21:50,175.37982314587245
problem3,2025-07-04,123,124,20:30-20:40,37.962903147684074
problem3,2025-07-04,125,127,20:50-21:10,43.46358377633633
problem3,2025-07-04,130,131,21:40-21:50,7.506843019155827
problem3,2025-07-11,123,131,20:30-21:50,814.9162688767261
problem3,2025-07-18,123,124,20:30-20:40,648.7598386827623
problem3,2025-07-18,126,131,21:00-21:50,184.16646686903658
problem3,2025-07-25,123,124,20:30-20:40,563.1468980517452
problem3,2025-07-25,126,131,21:00-21:50,211.69935037287817
problem3,2025-08-03,50,53,08:20-08:50,211.9255312042527
problem3,2025-08-07,120,121,20:00-20:10,8.120223821427658
problem3,2025-08-08,123,126,20:30-21:00,88.62531717734157
problem3,2025-08-11,116,117,19:20-19:30,30.39627913070956
problem3,2025-08-13,123,124,20:30-20:40,19.5864315821525
problem3,2025-08-15,123,125,20:30-20:50,115.12392057451109
problem3,2025-08-15,127,131,21:10-21:50,171.08717081565942
problem3,2025-08-16,123,124,20:30-20:40,421.0711573703003
problem3,2025-08-16,126,127,21:00-21:10,2.3510517162008444
problem3,2025-08-16,130,131,21:40-21:50,9.95277405704378
problem3,2025-08-18,114,115,19:00-19:10,13.354906785143157
problem3,2025-08-18,119,120,19:50-20:00,36.358245092817356
problem3,2025-08-18,122,124,20:20-20:40,44.30357668505064
problem3,2025-08-19,116,121,19:20-20:10,174.40350633058927
problem3,2025-08-21,117,119,19:30-19:50,15.032193496343552
problem3,2025-08-21,122,126,20:20-21:00,39.246821365536746
problem3,2025-08-22,123,131,20:30-21:50,829.8993039012324
problem3,2025-08-23,123,125,20:30-20:50,100.30840347608535
problem3,2025-08-23,128,131,21:20-21:50,170.98251466685116
problem3,2025-08-24,52,55,08:40-09:10,295.1734043716377
problem3,2025-08-25,115,117,19:10-19:30,34.00614021912338
problem3,2025-08-27,113,115,18:50-19:10,33.23297004163817
problem3,2025-08-27,116,117,19:20-19:30,30.369767225237297
problem3,2025-08-27,119,120,19:50-20:00,14.152166445136913
problem3,2025-08-28,113,114,18:50-19:00,30.994124943480756
problem3,2025-08-28,119,121,19:50-20:10,31.112512163622796
problem3,2025-08-29,123,129,20:30-21:30,824.6229836200652
problem3,2025-08-29,130,131,21:40-21:50,30.556273520932997
problem3,2025-08-31,48,54,08:00-09:00,708.8270469663844
problem3,2025-09-01,114,116,19:00-19:20,14.124650000000088
problem3,2025-09-03,113,114,18:50-19:00,11.02166666666676
problem3,2025-09-04,117,119,19:30-19:50,34.93371666666678
problem3,2025-09-05,123,131,20:30-21:50,1586.3091903016848
problem3,2025-09-06,124,131,20:40-21:50,261.0603331225601
problem3,2025-09-07,48,55,08:00-09:10,1154.566608006066
problem3,2025-09-10,54,58,09:00-09:40,300.87600066423977
problem3,2025-09-11,119,120,19:50-20:00,6.071666666666715
problem3,2025-09-12,123,131,20:30-21:50,2004.1402900252972
problem3,2025-09-13,124,127,20:40-21:10,292.4190787768839
problem3,2025-09-13,128,131,21:20-21:50,78.95701260291412
problem3,2025-09-14,53,56,08:50-09:20,272.65243725855584
problem3,2025-09-15,50,56,08:20-09:20,653.0166490130237
problem3,2025-09-15,118,119,19:40-19:50,1.1717666666667128
problem3,2025-09-15,123,124,20:30-20:40,17.191684128404404
problem3,2025-09-16,115,116,19:10-19:20,4.864423566977393
problem3,2025-09-17,35,36,05:50-06:00,7.62916666666672
problem3,2025-09-18,123,126,20:30-21:00,26.100086950092145
problem3,2025-09-18,129,131,21:30-21:50,25.233859092229363
problem3,2025-09-19,123,131,20:30-21:50,1540.4902274551375
problem3,2025-09-20,123,126,20:30-21:00,632.4579812183704
problem3,2025-09-21,51,53,08:30-08:50,116.56530963063723
problem3,2025-09-22,118,120,19:40-20:00,19.555900000000065
problem3,2025-09-23,122,123,20:20-20:30,6.375
problem3,2025-09-25,113,114,18:50-19:00,15.37166666666667
problem3,2025-09-26,123,131,20:30-21:50,1953.637162376967
problem3,2025-09-27,123,125,20:30-20:50,310.2373488081272
problem3,2025-09-27,126,131,21:00-21:50,93.98872630934218
problem3,2025-09-28,58,59,09:40-09:50,4.776991194805689
problem3,2025-09-29,36,37,06:00-06:10,17.695510210755856
problem3,2025-09-29,123,124,20:30-20:40,5.620383333333393
problem3,2025-09-30,120,121,20:00-20:10,31.411150000000134
problem3,2025-09-30,126,128,21:00-21:20,15.048877760700316
problem3,2025-10-03,127,131,21:10-21:50,680.8157963249489
problem3,2025-10-04,129,131,21:30-21:50,177.395112980109
problem3,2025-10-10,127,131,21:10-21:50,625.7880138869073
problem3,2025-10-11,129,130,21:30-21:40,260.3669829823815
problem3,2025-10-12,36,37,06:00-06:10,20.929933333333338
problem3,2025-10-12,51,56,08:30-09:20,828.9569044331199
problem3,2025-10-17,125,131,20:50-21:50,1225.2487070489976
problem3,2025-10-19,55,58,09:10-09:40,206.58254041935507
problem3,2025-10-24,124,131,20:40-21:50,1192.3457701714829
problem3,2025-10-25,124,128,20:40-21:20,94.69956723328585
problem3,2025-10-25,129,131,21:30-21:50,215.0746339463066
problem3,2025-10-26,56,59,09:20-09:50,141.10251984134828
problem3,2025-10-27,36,37,06:00-06:10,11.98554126132774
problem3,2025-10-30,36,37,06:00-06:10,3.641833333333352
problem3,2025-10-31,124,131,20:40-21:50,1427.1141893761896
problem3,2025-11-01,129,131,21:30-21:50,46.83671864084829
problem3,2025-11-04,35,37,05:50-06:10,33.599550000000136
problem3,2025-11-04,123,124,20:30-20:40,170.6212065528099
problem3,2025-11-04,126,128,21:00-21:20,29.771446014184196
problem3,2025-11-07,124,128,20:40-21:20,124.14512766519078
problem3,2025-11-07,129,131,21:30-21:50,430.8264697407971
problem3,2025-11-08,129,131,21:30-21:50,218.68153672358062
problem3,2025-11-11,38,39,06:20-06:30,2.0516666666667334
problem3,2025-11-14,124,125,20:40-20:50,0.08818333332936845
problem3,2025-11-14,127,131,21:10-21:50,521.2325836332382
problem3,2025-11-15,129,131,21:30-21:50,270.0226934007071
problem3,2025-11-19,35,36,05:50-06:00,1.3850000000001046
problem3,2025-11-21,129,131,21:30-21:50,504.50261249067876
problem3,2025-11-24,36,37,06:00-06:10,13.715060959523726
problem3,2025-11-28,124,125,20:40-20:50,85.15116666666285
problem3,2025-11-28,126,128,21:00-21:20,12.620544342172774
problem3,2025-11-28,129,131,21:30-21:50,400.56799105440365
problem3,2025-11-29,129,130,21:30-21:40,148.50078315427862
problem3,2025-11-30,36,37,06:00-06:10,6.062833333333515
problem3,2025-11-30,62,64,10:20-10:40,172.859094861247
problem3,2025-12-01,47,48,07:50-08:00,13.188997761720202
problem3,2025-12-01,61,65,10:10-10:50,990.8729516777449
problem3,2025-12-02,48,50,08:00-08:20,36.47069214869623
problem3,2025-12-03,35,36,05:50-06:00,50.69282854826565
problem3,2025-12-04,49,50,08:10-08:20,11.220726050791427
problem3,2025-12-05,127,131,21:10-21:50,677.8475738823212
problem3,2025-12-07,47,49,07:50-08:10,158.78386591152093
problem3,2025-12-07,60,65,10:00-10:50,1010.7726970145732
problem3,2025-12-09,47,48,07:50-08:00,5.930211380873743
problem3,2025-12-12,127,131,21:10-21:50,941.6407251394272
problem3,2025-12-13,129,131,21:30-21:50,323.3112834495494
problem3,2025-12-14,35,36,05:50-06:00,21.707205055158965
problem3,2025-12-14,47,49,07:50-08:10,58.406701603542274
problem3,2025-12-14,61,65,10:10-10:50,789.8694870371155
problem3,2025-12-19,124,131,20:40-21:50,1034.3820614555714
problem3,2025-12-21,47,49,07:50-08:10,40.17814222362938
problem3,2025-12-21,63,65,10:30-10:50,265.39558228085696
problem3,2025-12-26,127,131,21:10-21:50,555.1237392208297
problem3,2025-12-28,47,49,07:50-08:10,14.317339374798621
problem4_2,2025-02-02,123,124,20:30-20:40,37.63399947135679
problem4_2,2025-02-09,36,37,06:00-06:10,34.50617687454712
problem4_2,2025-02-09,61,65,10:10-10:50,660.0634388179367
problem4_2,2025-02-09,119,131,19:50-21:50,3376.9481258540554
problem4_2,2025-02-16,35,39,05:50-06:30,145.51555000000008
problem4_2,2025-02-16,54,65,09:00-10:50,2445.972508491281
problem4_2,2025-02-16,119,131,19:50-21:50,3132.418236491518
problem4_2,2025-02-19,128,129,21:20-21:30,3.7544438426423996
problem4_2,2025-02-20,36,37,06:00-06:10,14.185289124078281
problem4_2,2025-02-23,35,38,05:50-06:20,94.49600000000021
problem4_2,2025-02-23,54,64,09:00-10:40,1874.8589723777475
problem4_2,2025-02-23,121,131,20:10-21:50,2332.0521433224276
problem4_2,2025-02-24,36,37,06:00-06:10,13.290891140946542
problem4_2,2025-02-24,125,126,20:50-21:00,11.929540135333081
problem4_2,2025-02-25,38,39,06:20-06:30,26.620571822937563
problem4_2,2025-02-26,123,124,20:30-20:40,242.0584668093627
problem4_2,2025-02-27,36,37,06:00-06:10,4.816701799138286
problem4_2,2025-02-27,58,62,09:40-10:20,431.2263603560296
problem4_2,2025-03-02,59,64,09:50-10:40,274.7492728711296
problem4_2,2025-03-02,113,131,18:50-21:50,7414.232435520001
problem4_2,2025-03-03,60,64,10:00-10:40,346.22676392743654
problem4_2,2025-03-03,122,127,20:20-21:10,878.0677803390979
problem4_2,2025-03-03,128,131,21:20-21:50,39.25611096669288
problem4_2,2025-03-05,35,36,05:50-06:00,3.286666666666747
problem4_2,2025-03-06,123,126,20:30-21:00,106.40384425771583
problem4_2,2025-03-09,53,61,08:50-10:10,951.9190873916288
problem4_2,2025-03-09,120,131,20:00-21:50,1839.8329247502381
problem4_2,2025-03-10,122,124,20:20-20:40,849.7186459034915
problem4_2,2025-03-11,123,124,20:30-20:40,5.624862380761556
problem4_2,2025-03-13,64,65,10:40-10:50,52.26095023505536
problem4_2,2025-03-13,121,125,20:10-20:50,1902.6130076979393
problem4_2,2025-03-16,35,36,05:50-06:00,1.6400000000001
problem4_2,2025-03-16,50,56,08:20-09:20,1261.3858869200953
problem4_2,2025-03-16,118,127,19:40-21:10,2863.3681554224368
problem4_2,2025-03-16,128,131,21:20-21:50,108.67569885990403
problem4_2,2025-03-18,54,60,09:00-10:00,625.8943900303709
problem4_2,2025-03-20,123,124,20:30-20:40,99.22562851145574
problem4_2,2025-03-23,50,60,08:20-10:00,1658.669656172009
problem4_2,2025-03-23,122,127,20:20-21:10,956.4006214577645
problem4_2,2025-03-23,128,131,21:20-21:50,62.77669050771449
problem4_2,2025-03-30,49,57,08:10-09:30,1386.4240268958608
problem4_2,2025-03-30,122,125,20:20-20:50,1323.1699596381904
problem4_2,2025-03-30,127,131,21:10-21:50,44.96797143629194
problem4_2,2025-04-01,122,125,20:20-20:50,755.2306438266794
problem4_2,2025-04-02,51,62,08:30-10:20,1935.4046713437174
problem4_2,2025-04-06,51,56,08:30-09:20,641.8093313039246
problem4_2,2025-04-06,123,131,20:30-21:50,732.6665913408164
problem4_2,2025-04-08,54,58,09:00-09:40,106.737274169066
problem4_2,2025-04-08,123,125,20:30-20:50,42.49467413353216
problem4_2,2025-04-08,127,128,21:10-21:20,1.6099544545487792
problem4_2,2025-04-09,122,126,20:20-21:00,1371.5476655859566
problem4_2,2025-04-13,119,129,19:50-21:30,2343.0750188282937
problem4_2,2025-04-13,130,131,21:40-21:50,7.144423513797255
problem4_2,2025-04-20,120,121,20:00-20:10,36.42163047218776
problem4_2,2025-04-20,122,126,20:20-21:00,1447.0097158516187
problem4_2,2025-04-20,128,130,21:20-21:40,21.125304531695587
problem4_2,2025-04-27,48,55,08:00-09:10,1274.0097181592453
problem4_2,2025-04-27,119,124,19:50-20:40,1602.5574088500396
problem4_2,2025-04-27,125,130,20:50-21:40,83.392733837173
problem4_2,2025-04-28,118,126,19:40-21:00,4181.12823723132
problem4_2,2025-04-29,123,124,20:30-20:40,14.960607134215593
problem4_2,2025-05-01,122,131,20:20-21:50,1965.6559188996885
problem4_2,2025-05-03,124,125,20:40-20:50,135.9862428931708
problem4_2,2025-05-03,126,131,21:00-21:50,211.40001974532
problem4_2,2025-05-04,121,131,20:10-21:50,2689.7920333088473
problem4_2,2025-05-05,119,129,19:50-21:30,1797.7055782288776
problem4_2,2025-05-06,123,126,20:30-21:00,615.1440258349879
problem4_2,2025-05-06,127,131,21:10-21:50,125.85514817996557
problem4_2,2025-05-07,122,125,20:20-20:50,1638.3526725165755
problem4_2,2025-05-07,126,129,21:00-21:30,92.95224379011059
problem4_2,2025-05-08,123,124,20:30-20:40,248.15465584860738
problem4_2,2025-05-08,130,131,21:40-21:50,36.88074791410886
problem4_2,2025-05-11,111,113,18:30-18:50,25.60035000000005
problem4_2,2025-05-11,116,131,19:20-21:50,5085.4454721920965
problem4_2,2025-05-12,123,126,20:30-21:00,327.35333120859576
problem4_2,2025-05-13,123,124,20:30-20:40,44.98196217692373
problem4_2,2025-05-13,126,128,21:00-21:20,13.624692946563368
problem4_2,2025-05-14,123,125,20:30-20:50,48.60429599798556
problem4_2,2025-05-18,51,54,08:30-09:00,295.3400850765222
problem4_2,2025-05-18,118,125,19:40-20:50,3229.8171333322275
problem4_2,2025-05-18,126,131,21:00-21:50,200.84136550092055
problem4_2,2025-05-19,121,123,20:10-20:30,79.23650000000009
problem4_2,2025-05-20,123,125,20:30-20:50,184.81727157267233
problem4_2,2025-05-25,123,127,20:30-21:10,704.9430614695649
problem4_2,2025-05-25,130,131,21:40-21:50,29.115617468459913
problem4_2,2025-05-29,115,116,19:10-19:20,17.817433333333497
problem4_2,2025-06-01,53,70,08:50-11:40,2537.8208893327064
problem4_2,2025-06-01,71,72,11:50-12:00,20.337860833333526
problem4_2,2025-06-01,88,131,14:40-21:50,14218.188220552373
problem4_2,2025-06-02,54,57,09:00-09:30,218.94102997758586
problem4_2,2025-06-02,115,131,19:10-21:50,5577.077474681352
problem4_2,2025-06-03,53,62,08:50-10:20,1097.769151242382
problem4_2,2025-06-03,113,115,18:50-19:10,62.622994180400156
problem4_2,2025-06-03,118,119,19:40-19:50,78.3833918068176
problem4_2,2025-06-03,120,124,20:00-20:40,2849.206659075313
problem4_2,2025-06-03,125,131,20:50-21:50,192.70368910475887
problem4_2,2025-06-04,112,115,18:40-19:10,90.11208858962459
problem4_2,2025-06-04,118,125,19:40-20:50,3704.772271483513
problem4_2,2025-06-04,126,130,21:00-21:40,111.77848535101415
problem4_2,2025-06-05,52,60,08:40-10:00,972.7352088774053
problem4_2,2025-06-05,112,116,18:40-19:20,215.586641866611
problem4_2,2025-06-05,118,126,19:40-21:00,2935.88926567444
problem4_2,2025-06-08,112,114,18:40-19:00,63.7299872633555
problem4_2,2025-06-08,115,117,19:10-19:30,153.4657404440161
problem4_2,2025-06-08,119,131,19:50-21:50,2019.3949818254694
problem4_2,2025-06-09,113,114,18:50-19:00,22.476014444007774
problem4_2,2025-06-09,116,118,19:20-19:40,8.264845071943114
problem4_2,2025-06-09,119,120,19:50-20:00,20.562393476153375
problem4_2,2025-06-09,121,124,20:10-20:40,1671.565321201816
problem4_2,2025-06-10,114,116,19:00-19:20,26.168729016689213
problem4_2,2025-06-11,58,65,09:40-10:50,1035.2476199764455
problem4_2,2025-06-11,113,116,18:50-19:20,33.008176558779724
problem4_2,2025-06-11,119,121,19:50-20:10,925.7163200993748
problem4_2,2025-06-11,122,125,20:20-20:50,1590.315737547251
problem4_2,2025-06-15,63,66,10:30-11:00,123.07560864986553
problem4_2,2025-06-15,116,124,19:20-20:40,5031.489173832821
problem4_2,2025-06-15,127,131,21:10-21:50,226.28638232358247
problem4_2,2025-06-16,119,121,19:50-20:10,30.375715370122293
problem4_2,2025-06-17,122,124,20:20-20:40,38.258660229384645
problem4_2,2025-06-19,114,117,19:00-19:30,72.41485122455288
problem4_2,2025-06-22,116,120,19:20-20:00,127.23355211340993
problem4_2,2025-06-22,122,128,20:20-21:20,961.7955142310764
problem4_2,2025-06-24,59,65,09:50-10:50,1092.090183364567
problem4_2,2025-06-26,114,115,19:00-19:10,9.65181628504979
problem4_2,2025-07-01,112,115,18:40-19:10,98.11554636221001
problem4_2,2025-07-01,116,119,19:20-19:50,131.35931631992173
problem4_2,2025-07-01,120,131,20:00-21:50,844.7169799733786
problem4_2,2025-07-02,113,117,18:50-19:30,218.92104819722965
problem4_2,2025-07-02,118,119,19:40-19:50,17.06087472366096
problem4_2,2025-07-02,120,127,20:00-21:10,409.88259120388716
problem4_2,2025-07-03,58,63,09:40-10:30,187.85854153378156
problem4_2,2025-07-03,113,114,18:50-19:00,38.42829864174735
problem4_2,2025-07-03,118,119,19:40-19:50,19.753518157408166
problem4_2,2025-07-03,121,125,20:10-20:50,1440.8873337782215
problem4_2,2025-07-03,126,131,21:00-21:50,285.28479984871035
problem4_2,2025-07-06,49,58,08:10-09:40,1892.7309343343547
problem4_2,2025-07-06,59,61,09:50-10:10,195.78462166666685
problem4_2,2025-07-06,113,131,18:50-21:50,9978.900445693202
problem4_2,2025-07-07,114,115,19:00-19:10,40.16388206520071
problem4_2,2025-07-07,117,124,19:30-20:40,111.44734278667602
problem4_2,2025-07-07,127,131,21:10-21:50,101.01565009920591
problem4_2,2025-07-08,113,114,18:50-19:00,53.94008587742337
problem4_2,2025-07-08,117,118,19:30-19:40,2.8276823814783256
problem4_2,2025-07-08,120,124,20:00-20:40,382.391534864358
problem4_2,2025-07-09,116,118,19:20-19:40,45.35808922590968
problem4_2,2025-07-10,113,116,18:50-19:20,98.65745611602881
problem4_2,2025-07-10,122,123,20:20-20:30,39.973033828418124
problem4_2,2025-07-13,113,115,18:50-19:10,163.83941078262558
problem4_2,2025-07-13,116,131,19:20-21:50,3798.0250882386526
problem4_2,2025-07-14,113,114,18:50-19:00,44.236854755452896
problem4_2,2025-07-14,117,119,19:30-19:50,42.431790605081915
problem4_2,2025-07-14,120,121,20:00-20:10,2.3288363932504126
problem4_2,2025-07-16,120,122,20:00-20:20,78.45196221483843
problem4_2,2025-07-20,51,55,08:30-09:10,408.84787659055155
problem4_2,2025-07-20,113,115,18:50-19:10,62.484141980643244
problem4_2,2025-07-20,116,126,19:20-21:00,6139.689213058938
problem4_2,2025-07-20,127,131,21:10-21:50,189.3383737004974
problem4_2,2025-07-22,120,121,20:00-20:10,2.9615458350260724
problem4_2,2025-07-27,53,57,08:50-09:30,503.69903631612647
problem4_2,2025-07-27,115,118,19:10-19:40,43.094835075188485
problem4_2,2025-07-27,119,124,19:50-20:40,3332.6019347569268
problem4_2,2025-08-03,114,115,19:00-19:10,6.45868585187668
problem4_2,2025-08-03,116,120,19:20-20:00,147.76769743966838
problem4_2,2025-08-07,120,121,20:00-20:10,3.5106137122135124
problem4_2,2025-08-10,120,121,20:00-20:10,4.563050459598685
problem4_2,2025-08-10,122,126,20:20-21:00,910.6162302937616
problem4_2,2025-08-11,116,117,19:20-19:30,28.482625107801027
problem4_2,2025-08-12,114,116,19:00-19:20,8.129500201853716
problem4_2,2025-08-13,123,124,20:30-20:40,23.78518246362171
problem4_2,2025-08-14,113,115,18:50-19:10,23.42252202094653
problem4_2,2025-08-14,123,124,20:30-20:40,15.07547633756974
problem4_2,2025-08-17,47,54,07:50-09:00,1128.601943956788
problem4_2,2025-08-17,114,119,19:00-19:50,273.64571671719443
problem4_2,2025-08-17,121,124,20:10-20:40,667.6118179339942
problem4_2,2025-08-17,130,131,21:40-21:50,25.616716657539293
problem4_2,2025-08-18,114,115,19:00-19:10,15.424190045455703
problem4_2,2025-08-18,119,120,19:50-20:00,38.398459136490715
problem4_2,2025-08-18,122,124,20:20-20:40,48.3840135446178
problem4_2,2025-08-19,116,119,19:20-19:50,102.20532700356739
problem4_2,2025-08-19,120,121,20:00-20:10,30.382330544118872
problem4_2,2025-08-20,51,57,08:30-09:30,1083.4855333333317
problem4_2,2025-08-20,119,124,19:50-20:40,898.8305544581948
problem4_2,2025-08-20,125,126,20:50-21:00,19.589864209836104
problem4_2,2025-08-21,122,123,20:20-20:30,19.116396936897218
problem4_2,2025-08-24,48,55,08:00-09:10,1091.5637681954381
problem4_2,2025-08-24,113,114,18:50-19:00,26.274008423035866
problem4_2,2025-08-24,117,118,19:30-19:40,25.88384594575234
problem4_2,2025-08-24,119,130,19:50-21:40,2426.215633047793
problem4_2,2025-08-25,115,117,19:10-19:30,28.274837548055643
problem4_2,2025-08-25,120,124,20:00-20:40,2080.30963238078
problem4_2,2025-08-26,118,120,19:40-20:00,13.496319060433962
problem4_2,2025-08-27,113,114,18:50-19:00,22.981176869210003
problem4_2,2025-08-27,119,120,19:50-20:00,5.870696368154199
problem4_2,2025-08-28,62,65,10:20-10:50,57.644455689494244
problem4_2,2025-08-28,113,114,18:50-19:00,33.778471546091396
problem4_2,2025-08-28,119,121,19:50-20:10,36.6808442916564
problem4_2,2025-08-28,122,124,20:20-20:40,915.7979454536525
problem4_2,2025-08-31,47,54,07:50-09:00,1198.7205980499593
problem4_2,2025-08-31,113,118,18:50-19:40,84.06250745287707
problem4_2,2025-08-31,119,125,19:50-20:50,4322.882860307425
problem4_2,2025-09-07,48,55,08:00-09:10,1372.3365983844578
problem4_2,2025-09-07,121,124,20:10-20:40,2087.9795491456757
problem4_2,2025-09-07,126,128,21:00-21:20,57.05738678844679
problem4_2,2025-09-08,123,124,20:30-20:40,456.12286610721486
problem4_2,2025-09-09,121,122,20:10-20:20,9.099616666666748
problem4_2,2025-09-10,51,58,08:30-09:40,968.5033833333317
problem4_2,2025-09-10,122,124,20:20-20:40,1199.742874318653
problem4_2,2025-09-14,43,56,07:10-09:20,3431.9231216493868
problem4_2,2025-09-14,115,131,19:10-21:50,7054.037540346304
problem4_2,2025-09-15,53,56,08:50-09:20,59.549608929186434
problem4_2,2025-09-15,118,119,19:40-19:50,1.1717666666667128
problem4_2,2025-09-16,115,116,19:10-19:20,8.238266666666732
problem4_2,2025-09-16,123,125,20:30-20:50,64.33813071903273
problem4_2,2025-09-17,35,36,05:50-06:00,7.62916666666672
problem4_2,2025-09-17,56,58,09:20-09:40,81.89797849406871
problem4_2,2025-09-17,59,60,09:50-10:00,1.820590666666794
problem4_2,2025-09-18,123,124,20:30-20:40,2.4633999999999787
problem4_2,2025-09-18,129,130,21:30-21:40,10.130230306535374
problem4_2,2025-09-21,47,53,07:50-08:50,1485.6419765747364
problem4_2,2025-09-21,118,131,19:40-21:50,4959.545137880648
problem4_2,2025-09-22,118,120,19:40-20:00,19.555900000000065
problem4_2,2025-09-22,123,124,20:30-20:40,61.81542925313806
problem4_2,2025-09-22,127,131,21:10-21:50,91.93136052855095
problem4_2,2025-09-23,121,122,20:10-20:20,10.234366666666801
problem4_2,2025-09-23,123,127,20:30-21:10,555.5325513284135
problem4_2,2025-09-23,128,129,21:20-21:30,3.793471851778918
problem4_2,2025-09-24,56,58,09:20-09:40,28.325007482845965
problem4_2,2025-09-25,113,114,18:50-19:00,15.37166666666667
problem4_2,2025-09-28,47,59,07:50-09:50,2979.8874945490725
problem4_2,2025-09-28,116,117,19:20-19:30,5.868333333333339
problem4_2,2025-09-28,119,131,19:50-21:50,4044.987821319859
problem4_2,2025-09-29,36,37,06:00-06:10,20.39463333333333
problem4_2,2025-09-29,123,125,20:30-20:50,342.8078723407699
problem4_2,2025-09-30,56,58,09:20-09:40,130.04403257638418
problem4_2,2025-09-30,60,61,10:00-10:10,3.8029135000000895
problem4_2,2025-09-30,121,122,20:10-20:20,12.9448000000001
problem4_2,2025-09-30,123,128,20:30-21:20,769.7077136671626
problem4_2,2025-10-05,49,56,08:10-09:20,1097.6838539464459
problem4_2,2025-10-05,123,124,20:30-20:40,338.2209835919184
problem4_2,2025-10-05,127,129,21:10-21:30,61.63406324708071
problem4_2,2025-10-12,36,37,06:00-06:10,20.929933333333338
problem4_2,2025-10-12,50,56,08:20-09:20,1008.5705850359298
problem4_2,2025-10-12,121,124,20:10-20:40,2037.4383577002286
problem4_2,2025-10-12,126,131,21:00-21:50,65.11965922599725
problem4_2,2025-10-14,55,58,09:10-09:40,205.2948976911161
problem4_2,2025-10-15,123,124,20:30-20:40,45.23884017251271
problem4_2,2025-10-16,122,124,20:20-20:40,1083.189077631801
problem4_2,2025-10-19,49,58,08:10-09:40,1981.274531158161
problem4_2,2025-10-19,117,131,19:30-21:50,4346.245685602398
problem4_2,2025-10-20,56,61,09:20-10:10,447.3021736270991
problem4_2,2025-10-22,56,62,09:20-10:20,649.2038029850266
problem4_2,2025-10-22,123,126,20:30-21:00,121.81961428811951
problem4_2,2025-10-22,130,131,21:40-21:50,10.420177466709287
problem4_2,2025-10-26,53,59,08:50-09:50,645.3129217632631
problem4_2,2025-10-26,121,131,20:10-21:50,1767.2662480879253
problem4_2,2025-10-27,36,37,06:00-06:10,15.890929132416204
problem4_2,2025-10-27,123,124,20:30-20:40,306.5184925283768
problem4_2,2025-10-29,59,63,09:50-10:30,273.69423140331094
problem4_2,2025-10-29,121,129,20:10-21:30,1695.1770159769858
problem4_2,2025-10-30,36,37,06:00-06:10,3.641833333333352
problem4_2,2025-10-30,123,126,20:30-21:00,124.68376736565381
problem4_2,2025-10-30,128,131,21:20-21:50,55.75470217521274
problem4_2,2025-11-02,53,61,08:50-10:10,1569.3302671983997
problem4_2,2025-11-02,119,131,19:50-21:50,2319.007697848646
problem4_2,2025-11-04,35,37,05:50-06:10,33.599550000000136
problem4_2,2025-11-04,123,124,20:30-20:40,346.4651911501136
problem4_2,2025-11-04,126,128,21:00-21:20,58.56890888965752
problem4_2,2025-11-05,39,40,06:30-06:40,3.227683333333289
problem4_2,2025-11-06,57,64,09:30-10:40,709.647003036629
problem4_2,2025-11-06,128,131,21:20-21:50,78.7920624963535
problem4_2,2025-11-09,56,61,09:20-10:10,668.3313788833938
problem4_2,2025-11-09,120,131,20:00-21:50,2551.6841667206672
problem4_2,2025-11-10,123,124,20:30-20:40,119.64594133386663
problem4_2,2025-11-10,125,126,20:50-21:00,16.283629560915482
problem4_2,2025-11-10,130,131,21:40-21:50,21.058088783737436
problem4_2,2025-11-12,38,39,06:20-06:30,11.773333333333426
problem4_2,2025-11-16,39,40,06:30-06:40,2.7407333333334236
problem4_2,2025-11-16,58,64,09:40-10:40,811.3972237464249
problem4_2,2025-11-16,121,125,20:10-20:50,1752.9125955625207
problem4_2,2025-11-16,127,130,21:10-21:40,76.74673806969709
problem4_2,2025-11-23,57,65,09:30-10:50,1402.5257410713934
problem4_2,2025-11-23,123,129,20:30-21:30,847.7443603761973
problem4_2,2025-11-24,36,37,06:00-06:10,18.83966666666663
problem4_2,2025-11-30,59,65,09:50-10:50,508.0161161216528
problem4_2,2025-11-30,120,124,20:00-20:40,2480.0179201616866
problem4_2,2025-11-30,128,131,21:20-21:50,107.4384341932207
problem4_2,2025-12-01,36,37,06:00-06:10,89.72379915089186
problem4_2,2025-12-01,47,49,07:50-08:10,113.36543333333316
problem4_2,2025-12-01,54,65,09:00-10:50,3347.2778608012836
problem4_2,2025-12-01,122,124,20:20-20:40,857.3408678856065
problem4_2,2025-12-02,47,50,07:50-08:20,173.89789266476544
problem4_2,2025-12-02,56,65,09:20-10:50,3462.4971182251134
problem4_2,2025-12-02,122,125,20:20-20:50,1165.1878809509576
problem4_2,2025-12-02,128,131,21:20-21:50,37.55628206900237
problem4_2,2025-12-03,47,49,07:50-08:10,47.89181203380713
problem4_2,2025-12-03,57,62,09:30-10:20,1179.4409521188913
problem4_2,2025-12-03,63,64,10:30-10:40,94.23060040520265
problem4_2,2025-12-03,123,124,20:30-20:40,402.7525608930286
problem4_2,2025-12-03,126,127,21:00-21:10,0.35305351165477505
problem4_2,2025-12-04,48,50,08:00-08:20,108.65656309564997
problem4_2,2025-12-04,56,65,09:20-10:50,2547.4592640024857
problem4_2,2025-12-04,123,125,20:30-20:50,124.92239954709305
problem4_2,2025-12-07,47,49,07:50-08:10,164.7132833333335
problem4_2,2025-12-07,55,65,09:10-10:50,3000.478849512479
problem4_2,2025-12-07,118,126,19:40-21:00,4376.531548085926
problem4_2,2025-12-07,128,131,21:20-21:50,119.61155944697214
problem4_2,2025-12-09,47,50,07:50-08:20,138.38569225205845
problem4_2,2025-12-09,123,124,20:30-20:40,160.65266105067872
problem4_2,2025-12-09,126,128,21:00-21:20,25.466916148025554
problem4_2,2025-12-14,47,49,07:50-08:10,87.21601666666663
problem4_2,2025-12-14,57,65,09:30-10:50,2629.7218285853705
problem4_2,2025-12-14,118,131,19:40-21:50,4700.117762862046
problem4_2,2025-12-15,47,48,07:50-08:00,4.2083267739176335
problem4_2,2025-12-21,47,49,07:50-08:10,90.81919855656281
problem4_2,2025-12-21,60,65,10:00-10:50,1349.0396761506213
problem4_2,2025-12-21,120,131,20:00-21:50,3277.4024383635233
problem4_2,2025-12-28,47,50,07:50-08:20,140.3975697617551
problem4_2,2025-12-28,122,131,20:20-21:50,1177.0506332639648
problem4_3,2025-02-06,48,49,08:00-08:10,21.052866666666773
problem4_3,2025-02-07,123,131,20:30-21:50,1311.9916114120995
problem4_3,2025-02-08,124,125,20:40-20:50,3.038050000001533
problem4_3,2025-02-11,36,37,06:00-06:10,18.02044683273857
problem4_3,2025-02-11,62,64,10:20-10:40,61.34305178418386
problem4_3,2025-02-12,36,38,06:00-06:20,22.2139052511136
problem4_3,2025-02-14,123,131,20:30-21:50,1309.6231534135961
problem4_3,2025-02-15,126,131,21:00-21:50,271.6986017990707
problem4_3,2025-02-16,36,37,06:00-06:10,32.33759041630856
problem4_3,2025-02-16,38,39,06:20-06:30,33.261748682398434
problem4_3,2025-02-16,59,65,09:50-10:50,1007.1770586569245
problem4_3,2025-02-17,36,37,06:00-06:10,0.28882968619984695
problem4_3,2025-02-18,36,37,06:00-06:10,8.790000487613497
problem4_3,2025-02-19,59,64,09:50-10:40,248.45644155406995
problem4_3,2025-02-20,36,37,06:00-06:10,28.132351197352364
problem4_3,2025-02-21,124,131,20:40-21:50,843.3158738664292
problem4_3,2025-02-22,129,131,21:30-21:50,119.4669014139287
problem4_3,2025-02-23,35,37,05:50-06:10,84.42690000000016
problem4_3,2025-02-23,58,64,09:40-10:40,758.3289760009181
problem4_3,2025-02-24,36,37,06:00-06:10,14.470338772603668
problem4_3,2025-02-25,36,39,06:00-06:30,37.80691035664154
problem4_3,2025-02-26,36,39,06:00-06:30,14.27206961248919
problem4_3,2025-02-28,124,131,20:40-21:50,1132.3885755650722
problem4_3,2025-03-01,124,129,20:40-21:30,181.93771998437705
problem4_3,2025-03-01,130,131,21:40-21:50,13.338041436782294
problem4_3,2025-03-05,35,36,05:50-06:00,3.286666666666747
problem4_3,2025-03-07,123,131,20:30-21:50,688.589432983121
problem4_3,2025-03-09,56,61,09:20-10:10,308.65432124022834
problem4_3,2025-03-11,56,57,09:20-09:30,2.327934722432337
problem4_3,2025-03-14,123,126,20:30-21:00,437.77768510824404
problem4_3,2025-03-14,129,131,21:30-21:50,46.70686658804841
problem4_3,2025-03-15,124,131,20:40-21:50,302.5660810234631
problem4_3,2025-03-16,35,36,05:50-06:00,1.6400000000001
problem4_3,2025-03-16,50,56,08:20-09:20,866.6674187272484
problem4_3,2025-03-17,53,56,08:50-09:20,115.83354999999786
problem4_3,2025-03-21,124,131,20:40-21:50,767.6029234961732
problem4_3,2025-03-27,55,58,09:10-09:40,162.20033488964407
problem4_3,2025-03-28,128,131,21:20-21:50,731.2573992541334
problem4_3,2025-03-30,53,57,08:50-09:30,268.18102835887464
problem4_3,2025-04-04,129,131,21:30-21:50,430.5460449392634
problem4_3,2025-04-06,54,56,09:00-09:20,35.40184012451029
problem4_3,2025-04-11,128,130,21:20-21:40,485.5032807437119
problem4_3,2025-04-18,129,131,21:30-21:50,429.423002850279
problem4_3,2025-04-20,53,57,08:50-09:30,362.8998664748293
problem4_3,2025-04-25,129,131,21:30-21:50,173.91307952556423
problem4_3,2025-05-01,123,127,20:30-21:10,574.8263876194306
problem4_3,2025-05-01,128,129,21:20-21:30,5.079997146824939
problem4_3,2025-05-02,123,128,20:30-21:20,918.1180772739406
problem4_3,2025-05-02,129,131,21:30-21:50,120.45839352752691
problem4_3,2025-05-03,123,125,20:30-20:50,184.32031315394892
problem4_3,2025-05-03,126,131,21:00-21:50,199.52699500905
problem4_3,2025-05-09,124,131,20:40-21:50,750.4663954189098
problem4_3,2025-05-10,124,127,20:40-21:10,87.29616480905909
problem4_3,2025-05-10,128,131,21:20-21:50,57.66647942253282
problem4_3,2025-05-11,116,117,19:20-19:30,9.942220460071212
problem4_3,2025-05-16,124,125,20:40-20:50,10.545059884728744
problem4_3,2025-05-16,126,131,21:00-21:50,909.2783797626425
problem4_3,2025-05-17,124,125,20:40-20:50,145.5740676408319
problem4_3,2025-05-19,121,123,20:10-20:30,78.71295124092842
problem4_3,2025-06-13,125,126,20:50-21:00,26.677355136907295
problem4_3,2025-06-19,116,117,19:20-19:30,3.4920469451540157
problem4_3,2025-06-20,125,131,20:50-21:50,175.37982314587245
problem4_3,2025-07-04,123,124,20:30-20:40,118.26262350335242
problem4_3,2025-07-04,125,127,20:50-21:10,43.46358377633633
problem4_3,2025-07-04,130,131,21:40-21:50,7.506843019155827
problem4_3,2025-07-11,123,131,20:30-21:50,814.2323816594716
problem4_3,2025-07-18,124,125,20:40-20:50,644.8404628470425
problem4_3,2025-07-18,126,131,21:00-21:50,187.34116129596993
problem4_3,2025-07-25,124,125,20:40-20:50,556.3932923025858
problem4_3,2025-07-25,126,131,21:00-21:50,217.16977102969642
problem4_3,2025-08-03,52,53,08:40-08:50,17.719825035797363
problem4_3,2025-08-07,120,122,20:00-20:20,12.066775156909785
problem4_3,2025-08-08,124,126,20:40-21:00,89.9391368260566
problem4_3,2025-08-11,116,117,19:20-19:30,25.456511583154906
problem4_3,2025-08-13,123,124,20:30-20:40,19.5864315821525
problem4_3,2025-08-15,124,125,20:40-20:50,133.38908623234704
problem4_3,2025-08-15,127,131,21:10-21:50,171.08717081565942
problem4_3,2025-08-16,124,125,20:40-20:50,305.8618261474831
problem4_3,2025-08-18,114,115,19:00-19:10,13.354906785143157
problem4_3,2025-08-18,119,120,19:50-20:00,36.358245092817356
problem4_3,2025-08-18,122,124,20:20-20:40,44.30357668505064
problem4_3,2025-08-19,116,121,19:20-20:10,174.40350633058927
problem4_3,2025-08-21,117,119,19:30-19:50,15.032193496343552
problem4_3,2025-08-21,122,126,20:20-21:00,39.246821365536746
problem4_3,2025-08-22,124,131,20:40-21:50,829.6491252875561
problem4_3,2025-08-23,124,125,20:40-20:50,103.87012351329986
problem4_3,2025-08-23,128,131,21:20-21:50,170.98251466685116
problem4_3,2025-08-24,52,55,08:40-09:10,288.99518321007537
problem4_3,2025-08-25,115,117,19:10-19:30,34.00614021912338
problem4_3,2025-08-27,113,115,18:50-19:10,33.23297004163817
problem4_3,2025-08-27,119,120,19:50-20:00,14.152166445136913
problem4_3,2025-08-28,113,114,18:50-19:00,30.994124943480756
problem4_3,2025-08-28,119,121,19:50-20:10,31.112512163622796
problem4_3,2025-08-29,123,129,20:30-21:30,824.6229836200644
problem4_3,2025-08-29,130,131,21:40-21:50,30.556273520932997
problem4_3,2025-08-31,48,54,08:00-09:00,688.1267742711427
problem4_3,2025-09-01,114,116,19:00-19:20,14.124650000000088
problem4_3,2025-09-03,113,114,18:50-19:00,11.02166666666676
problem4_3,2025-09-04,117,118,19:30-19:40,3.9787500000001046
problem4_3,2025-09-05,123,131,20:30-21:50,1586.3091903016848
problem4_3,2025-09-06,124,131,20:40-21:50,261.0603331225594
problem4_3,2025-09-07,48,55,08:00-09:10,1187.3827343580679
problem4_3,2025-09-09,121,122,20:10-20:20,9.099616666666748
problem4_3,2025-09-10,54,58,09:00-09:40,300.87600066423977
problem4_3,2025-09-10,121,122,20:10-20:20,3.6414499999999634
problem4_3,2025-09-11,119,120,19:50-20:00,6.071666666666715
problem4_3,2025-09-12,123,131,20:30-21:50,2004.1402900252972
problem4_3,2025-09-13,124,127,20:40-21:10,292.4190787768839
problem4_3,2025-09-13,128,131,21:20-21:50,78.95701260291412
problem4_3,2025-09-14,53,56,08:50-09:20,267.0340740941092
problem4_3,2025-09-15,50,56,08:20-09:20,645.2842442480814
problem4_3,2025-09-15,118,119,19:40-19:50,1.1717666666667128
problem4_3,2025-09-15,123,124,20:30-20:40,17.191684128404404
problem4_3,2025-09-16,115,116,19:10-19:20,3.7285994570393086
problem4_3,2025-09-17,35,36,05:50-06:00,7.62916666666672
problem4_3,2025-09-18,123,126,20:30-21:00,26.100086950092145
problem4_3,2025-09-18,129,131,21:30-21:50,25.233859092229363
problem4_3,2025-09-19,123,131,20:30-21:50,1540.4902274551375
problem4_3,2025-09-20,123,126,20:30-21:00,632.4579812183722
problem4_3,2025-09-21,51,53,08:30-08:50,146.42277176313473
problem4_3,2025-09-22,118,120,19:40-20:00,19.555900000000065
problem4_3,2025-09-23,121,122,20:10-20:20,10.234366666666801
problem4_3,2025-09-25,113,114,18:50-19:00,15.37166666666667
problem4_3,2025-09-26,123,131,20:30-21:50,1953.637162376967
problem4_3,2025-09-27,123,125,20:30-20:50,310.2373488081272
problem4_3,2025-09-27,126,131,21:00-21:50,93.98872630934218
problem4_3,2025-09-28,58,59,09:40-09:50,17.99654303478885
problem4_3,2025-09-29,36,37,06:00-06:10,17.695510210755856
problem4_3,2025-09-29,123,124,20:30-20:40,5.620383333333393
problem4_3,2025-09-30,121,122,20:10-20:20,12.9448000000001
problem4_3,2025-10-03,127,131,21:10-21:50,680.8157963249489
problem4_3,2025-10-04,129,131,21:30-21:50,174.53272639377485
problem4_3,2025-10-10,127,131,21:10-21:50,625.7880138869073
problem4_3,2025-10-11,129,130,21:30-21:40,260.3669829823815
problem4_3,2025-10-12,36,37,06:00-06:10,20.929933333333338
problem4_3,2025-10-12,51,56,08:30-09:20,828.9569044331199
problem4_3,2025-10-17,125,131,20:50-21:50,1225.2487070489976
problem4_3,2025-10-19,55,58,09:10-09:40,196.24700030119348
problem4_3,2025-10-24,124,131,20:40-21:50,1192.3457701714829
problem4_3,2025-10-25,124,128,20:40-21:20,94.69956723328585
problem4_3,2025-10-25,129,131,21:30-21:50,215.0746339463066
problem4_3,2025-10-26,56,59,09:20-09:50,142.423484025463
problem4_3,2025-10-27,36,37,06:00-06:10,11.98554126132774
problem4_3,2025-10-30,36,37,06:00-06:10,3.641833333333352
problem4_3,2025-10-31,124,131,20:40-21:50,1427.11418937619
problem4_3,2025-11-01,129,131,21:30-21:50,46.83671864084829
problem4_3,2025-11-04,35,37,05:50-06:10,33.599550000000136
problem4_3,2025-11-04,123,124,20:30-20:40,170.6212065528108
problem4_3,2025-11-04,126,128,21:00-21:20,29.771446014184196
problem4_3,2025-11-05,39,40,06:30-06:40,3.227683333333289
problem4_3,2025-11-07,124,128,20:40-21:20,431.7042458343274
problem4_3,2025-11-07,129,131,21:30-21:50,123.26735157166311
problem4_3,2025-11-08,129,131,21:30-21:50,218.68153672358062
problem4_3,2025-11-11,38,39,06:20-06:30,2.0516666666667334
problem4_3,2025-11-12,38,39,06:20-06:30,6.594006542780221
problem4_3,2025-11-14,124,125,20:40-20:50,321.686288871468
problem4_3,2025-11-14,127,131,21:10-21:50,177.6024975420171
problem4_3,2025-11-15,129,131,21:30-21:50,270.0226934007071
problem4_3,2025-11-21,125,131,20:50-21:50,504.50261249067773
problem4_3,2025-11-24,36,37,06:00-06:10,13.715060959523726
problem4_3,2025-11-26,36,37,06:00-06:10,32.99316666666664
problem4_3,2025-11-28,124,125,20:40-20:50,85.15116666666285
problem4_3,2025-11-28,126,128,21:00-21:20,12.620544342172774
problem4_3,2025-11-28,129,131,21:30-21:50,400.56799105440365
problem4_3,2025-11-29,129,130,21:30-21:40,148.50078315427862
problem4_3,2025-12-01,47,48,07:50-08:00,13.188997761720202
problem4_3,2025-12-01,58,65,09:40-10:50,915.8976196633013
problem4_3,2025-12-02,48,50,08:00-08:20,36.47069214869623
problem4_3,2025-12-04,49,50,08:10-08:20,11.220726050791427
problem4_3,2025-12-05,127,131,21:10-21:50,677.8475738823212
problem4_3,2025-12-07,47,49,07:50-08:10,158.78386591152093
problem4_3,2025-12-07,60,65,10:00-10:50,1010.7726970145732
problem4_3,2025-12-09,47,48,07:50-08:00,5.930211380873743
problem4_3,2025-12-12,127,131,21:10-21:50,941.6407251394274
problem4_3,2025-12-13,129,131,21:30-21:50,323.9380528608596
problem4_3,2025-12-14,47,49,07:50-08:10,58.406701603542274
problem4_3,2025-12-14,61,65,10:10-10:50,786.3669115448207
problem4_3,2025-12-19,124,131,20:40-21:50,1034.3820614555698
problem4_3,2025-12-21,47,49,07:50-08:10,40.17814222362938
problem4_3,2025-12-21,63,65,10:30-10:50,265.39558228085775
problem4_3,2025-12-26,128,131,21:20-21:50,555.1237392208296
problem4_3,2025-12-28,47,49,07:50-08:10,14.317339374798621
problem4_2_perfect_price,2025-02-02,123,124,20:30-20:40,39.0525975867356
problem4_2_perfect_price,2025-02-09,36,37,06:00-06:10,34.50617687454712
problem4_2_perfect_price,2025-02-09,60,65,10:00-10:50,869.1345869642554
problem4_2_perfect_price,2025-02-09,119,131,19:50-21:50,3245.335047291879
problem4_2_perfect_price,2025-02-11,37,38,06:10-06:20,0.0516196232325683
problem4_2_perfect_price,2025-02-16,35,39,05:50-06:30,145.51555000000008
problem4_2_perfect_price,2025-02-16,54,65,09:00-10:50,2441.6853603549193
problem4_2_perfect_price,2025-02-16,118,131,19:40-21:50,3138.256452316215
problem4_2_perfect_price,2025-02-19,38,39,06:20-06:30,50.05068845276105
problem4_2_perfect_price,2025-02-20,36,37,06:00-06:10,14.185289124078281
problem4_2_perfect_price,2025-02-23,36,38,06:00-06:20,57.242666666666764
problem4_2_perfect_price,2025-02-23,54,64,09:00-10:40,1910.5767818542529
problem4_2_perfect_price,2025-02-23,120,131,20:00-21:50,2332.0521433224294
problem4_2_perfect_price,2025-02-24,36,37,06:00-06:10,13.290891140946542
problem4_2_perfect_price,2025-02-24,125,126,20:50-21:00,12.304814270456607
problem4_2_perfect_price,2025-02-25,35,36,05:50-06:00,32.63818311470584
problem4_2_perfect_price,2025-02-25,38,39,06:20-06:30,26.620571822937563
problem4_2_perfect_price,2025-02-26,123,124,20:30-20:40,245.8109263955772
problem4_2_perfect_price,2025-02-27,36,37,06:00-06:10,4.816701799138286
problem4_2_perfect_price,2025-02-27,57,61,09:30-10:10,482.48547588816655
problem4_2_perfect_price,2025-03-02,62,64,10:20-10:40,59.593627011125136
problem4_2_perfect_price,2025-03-02,109,131,18:10-21:50,7714.05596979036
problem4_2_perfect_price,2025-03-03,61,64,10:10-10:40,189.69662425632754
problem4_2_perfect_price,2025-03-03,122,127,20:20-21:10,1050.3514179697686
problem4_2_perfect_price,2025-03-03,128,131,21:20-21:50,39.25611096669288
problem4_2_perfect_price,2025-03-05,35,36,05:50-06:00,3.286666666666747
problem4_2_perfect_price,2025-03-06,123,126,20:30-21:00,174.1562080965674
problem4_2_perfect_price,2025-03-09,53,61,08:50-10:10,1009.755877124211
problem4_2_perfect_price,2025-03-09,121,131,20:10-21:50,1839.8329247502363
problem4_2_perfect_price,2025-03-10,121,122,20:10-20:20,192.29316800732994
problem4_2_perfect_price,2025-03-10,123,124,20:30-20:40,682.7511360629815
problem4_2_perfect_price,2025-03-11,123,124,20:30-20:40,42.17820669216712
problem4_2_perfect_price,2025-03-13,118,121,19:40-20:10,1363.3097964804817
problem4_2_perfect_price,2025-03-13,123,125,20:30-20:50,691.727301891902
problem4_2_perfect_price,2025-03-16,35,36,05:50-06:00,1.6400000000001
problem4_2_perfect_price,2025-03-16,50,56,08:20-09:20,1258.8555530399196
problem4_2_perfect_price,2025-03-16,116,127,19:20-21:10,2861.040619874111
problem4_2_perfect_price,2025-03-16,128,131,21:20-21:50,108.67569885990403
problem4_2_perfect_price,2025-03-18,54,60,09:00-10:00,625.8943900303709
problem4_2_perfect_price,2025-03-20,123,124,20:30-20:40,114.42159537275575
problem4_2_perfect_price,2025-03-23,50,60,08:20-10:00,1658.6301315521976
problem4_2_perfect_price,2025-03-23,122,127,20:20-21:10,958.4486905969261
problem4_2_perfect_price,2025-03-23,128,131,21:20-21:50,62.77669050771449
problem4_2_perfect_price,2025-03-30,49,57,08:10-09:30,1380.3370595296901
problem4_2_perfect_price,2025-03-30,120,121,20:00-20:10,356.15885358552447
problem4_2_perfect_price,2025-03-30,122,125,20:20-20:50,1013.825149915525
problem4_2_perfect_price,2025-03-30,127,131,21:10-21:50,44.96797143629194
problem4_2_perfect_price,2025-04-01,122,125,20:20-20:50,822.169935014138
problem4_2_perfect_price,2025-04-02,53,62,08:50-10:20,1261.7076161278692
problem4_2_perfect_price,2025-04-06,52,56,08:40-09:20,314.67109831494304
problem4_2_perfect_price,2025-04-06,123,131,20:30-21:50,741.7027943062131
problem4_2_perfect_price,2025-04-08,52,58,08:40-09:40,548.0593266061583
problem4_2_perfect_price,2025-04-08,123,125,20:30-20:50,41.47719448436828
problem4_2_perfect_price,2025-04-08,127,128,21:10-21:20,1.6099544545487792
problem4_2_perfect_price,2025-04-09,122,126,20:20-21:00,1373.1873699527137
problem4_2_perfect_price,2025-04-13,119,129,19:50-21:30,2369.6246934088167
problem4_2_perfect_price,2025-04-13,130,131,21:40-21:50,7.144423513797255
problem4_2_perfect_price,2025-04-20,120,122,20:00-20:20,760.7395026680589
problem4_2_perfect_price,2025-04-20,123,126,20:30-21:00,732.9969919857101
problem4_2_perfect_price,2025-04-20,128,130,21:20-21:40,21.125304531695587
problem4_2_perfect_price,2025-04-27,48,55,08:00-09:10,1332.7241671374957
problem4_2_perfect_price,2025-04-27,121,124,20:10-20:40,1608.8110479578809
problem4_2_perfect_price,2025-04-27,125,130,20:50-21:40,83.392733837173
problem4_2_perfect_price,2025-04-28,116,120,19:20-20:00,2736.26186774585
problem4_2_perfect_price,2025-04-28,122,126,20:20-21:00,1434.2210314010956
problem4_2_perfect_price,2025-04-29,123,124,20:30-20:40,19.675579463654685
problem4_2_perfect_price,2025-05-01,118,131,19:40-21:50,1965.6559188996898
problem4_2_perfect_price,2025-05-03,124,125,20:40-20:50,135.98624289317303
problem4_2_perfect_price,2025-05-03,126,131,21:00-21:50,211.40001974532012
problem4_2_perfect_price,2025-05-04,112,113,18:40-18:50,5.9969500000000835
problem4_2_perfect_price,2025-05-04,120,131,20:00-21:50,2692.9408073664868
problem4_2_perfect_price,2025-05-05,53,57,08:50-09:30,174.2239214489564
problem4_2_perfect_price,2025-05-05,121,129,20:10-21:30,1805.5280222288798
problem4_2_perfect_price,2025-05-06,57,59,09:30-09:50,112.47504942168568
problem4_2_perfect_price,2025-05-06,123,126,20:30-21:00,614.6318932576515
problem4_2_perfect_price,2025-05-06,127,131,21:10-21:50,125.85514817996557
problem4_2_perfect_price,2025-05-07,122,125,20:20-20:50,1649.6811522692726
problem4_2_perfect_price,2025-05-07,126,129,21:00-21:30,92.95224379011059
problem4_2_perfect_price,2025-05-08,120,122,20:00-20:20,82.43748333333338
problem4_2_perfect_price,2025-05-08,123,124,20:30-20:40,186.29568550258227
problem4_2_perfect_price,2025-05-08,130,131,21:40-21:50,36.88074791410886
problem4_2_perfect_price,2025-05-11,111,113,18:30-18:50,25.60035000000005
problem4_2_perfect_price,2025-05-11,116,131,19:20-21:50,5071.1983778742415
problem4_2_perfect_price,2025-05-12,123,126,20:30-21:00,356.3264683259718
problem4_2_perfect_price,2025-05-13,123,124,20:30-20:40,52.15037533697466
problem4_2_perfect_price,2025-05-13,126,128,21:00-21:20,13.624692946563368
problem4_2_perfect_price,2025-05-14,123,125,20:30-20:50,78.7911774606199
problem4_2_perfect_price,2025-05-18,119,125,19:50-20:50,3515.162397280927
problem4_2_perfect_price,2025-05-18,126,131,21:00-21:50,200.84136550092055
problem4_2_perfect_price,2025-05-19,121,123,20:10-20:30,79.23650000000009
problem4_2_perfect_price,2025-05-20,123,125,20:30-20:50,182.56097905091212
problem4_2_perfect_price,2025-05-25,124,127,20:40-21:10,720.5504028280809
problem4_2_perfect_price,2025-05-25,130,131,21:40-21:50,29.115617468459913
problem4_2_perfect_price,2025-05-29,115,116,19:10-19:20,17.817433333333497
problem4_2_perfect_price,2025-06-01,54,70,09:00-11:40,2207.492559223463
problem4_2_perfect_price,2025-06-01,71,72,11:50-12:00,20.337860833333526
problem4_2_perfect_price,2025-06-01,85,131,14:10-21:50,14542.68517593149
problem4_2_perfect_price,2025-06-02,54,57,09:00-09:30,222.43367303948838
problem4_2_perfect_price,2025-06-02,111,112,18:30-18:40,10.837216666666677
problem4_2_perfect_price,2025-06-02,113,114,18:50-19:00,116.69916565973813
problem4_2_perfect_price,2025-06-02,115,131,19:10-21:50,5917.782426262586
problem4_2_perfect_price,2025-06-03,54,62,09:00-10:20,920.8867483991404
problem4_2_perfect_price,2025-06-03,111,115,18:30-19:10,104.04466014195452
problem4_2_perfect_price,2025-06-03,117,119,19:30-19:50,199.14085750186632
problem4_2_perfect_price,2025-06-03,120,124,20:00-20:40,2843.2108658844427
problem4_2_perfect_price,2025-06-03,125,131,20:50-21:50,192.70368910475887
problem4_2_perfect_price,2025-06-04,113,116,18:50-19:20,102.70778400585766
problem4_2_perfect_price,2025-06-04,118,125,19:40-20:50,3743.5515483696613
problem4_2_perfect_price,2025-06-04,126,130,21:00-21:40,111.77848535101415
problem4_2_perfect_price,2025-06-05,54,60,09:00-10:00,523.5413884374248
problem4_2_perfect_price,2025-06-05,113,117,18:50-19:30,210.71301607430462
problem4_2_perfect_price,2025-06-05,120,126,20:00-21:00,3440.2015028898827
problem4_2_perfect_price,2025-06-08,113,118,18:50-19:40,315.2418237773496
problem4_2_perfect_price,2025-06-08,119,131,19:50-21:50,1921.34888575549
problem4_2_perfect_price,2025-06-09,112,114,18:40-19:00,40.153188885666054
problem4_2_perfect_price,2025-06-09,116,120,19:20-20:00,33.486568298821226
problem4_2_perfect_price,2025-06-09,121,124,20:10-20:40,1708.9018163451387
problem4_2_perfect_price,2025-06-10,111,112,18:30-18:40,19.579467491956507
problem4_2_perfect_price,2025-06-10,114,116,19:00-19:20,26.168729016689213
problem4_2_perfect_price,2025-06-11,58,65,09:40-10:50,960.5853544765082
problem4_2_perfect_price,2025-06-11,113,117,18:50-19:30,50.321470683406005
problem4_2_perfect_price,2025-06-11,120,125,20:00-20:50,2587.3401139945436
problem4_2_perfect_price,2025-06-12,119,120,19:50-20:00,14.207778347774138
problem4_2_perfect_price,2025-06-15,111,113,18:30-18:50,75.72915000000012
problem4_2_perfect_price,2025-06-15,117,124,19:30-20:40,5140.389073983969
problem4_2_perfect_price,2025-06-15,127,131,21:10-21:50,226.28638232358247
problem4_2_perfect_price,2025-06-16,116,117,19:20-19:30,3.9319287786040604
problem4_2_perfect_price,2025-06-16,119,121,19:50-20:10,30.375715370122293
problem4_2_perfect_price,2025-06-17,116,117,19:20-19:30,17.268606401415127
problem4_2_perfect_price,2025-06-17,122,124,20:20-20:40,38.258660229384645
problem4_2_perfect_price,2025-06-19,114,117,19:00-19:30,72.41485122455288
problem4_2_perfect_price,2025-06-22,116,120,19:20-20:00,127.23355211340993
problem4_2_perfect_price,2025-06-22,122,128,20:20-21:20,978.8337753695306
problem4_2_perfect_price,2025-06-24,123,125,20:30-20:50,567.9845619555527
problem4_2_perfect_price,2025-06-26,114,115,19:00-19:10,9.65181628504979
problem4_2_perfect_price,2025-06-29,111,112,18:30-18:40,5.72664682944162
problem4_2_perfect_price,2025-07-01,113,119,18:50-19:50,229.77975098245793
problem4_2_perfect_price,2025-07-01,120,131,20:00-21:50,844.4120916730533
problem4_2_perfect_price,2025-07-02,113,117,18:50-19:30,218.92104819722965
problem4_2_perfect_price,2025-07-02,118,127,19:40-21:10,426.9434659275489
problem4_2_perfect_price,2025-07-03,113,114,18:50-19:00,38.42829864174735
problem4_2_perfect_price,2025-07-03,117,119,19:30-19:50,39.3657866524419
problem4_2_perfect_price,2025-07-03,122,125,20:20-20:50,1696.7905977737014
problem4_2_perfect_price,2025-07-03,126,131,21:00-21:50,285.28479984871035
problem4_2_perfect_price,2025-07-06,49,58,08:10-09:40,1702.6698577850477
problem4_2_perfect_price,2025-07-06,59,61,09:50-10:10,195.78462166666685
problem4_2_perfect_price,2025-07-06,112,131,18:40-21:50,10191.157713125043
problem4_2_perfect_price,2025-07-07,114,115,19:00-19:10,40.16388206520071
problem4_2_perfect_price,2025-07-07,117,124,19:30-20:40,111.44734278667602
problem4_2_perfect_price,2025-07-07,127,131,21:10-21:50,101.01565009920591
problem4_2_perfect_price,2025-07-08,113,114,18:50-19:00,53.94008587742337
problem4_2_perfect_price,2025-07-08,117,118,19:30-19:40,2.8276823814783256
problem4_2_perfect_price,2025-07-08,120,124,20:00-20:40,382.3915348643572
problem4_2_perfect_price,2025-07-09,116,118,19:20-19:40,45.35808922590968
problem4_2_perfect_price,2025-07-10,113,116,18:50-19:20,98.65745611602881
problem4_2_perfect_price,2025-07-10,121,123,20:10-20:30,57.25375246161036
problem4_2_perfect_price,2025-07-13,49,57,08:10-09:30,1260.3111286611033
problem4_2_perfect_price,2025-07-13,113,131,18:50-21:50,3078.0216760498706
problem4_2_perfect_price,2025-07-14,113,114,18:50-19:00,44.236854755452896
problem4_2_perfect_price,2025-07-14,117,119,19:30-19:50,42.431790605081915
problem4_2_perfect_price,2025-07-14,120,121,20:00-20:10,2.3288363932504126
problem4_2_perfect_price,2025-07-16,120,122,20:00-20:20,78.45196221483843
problem4_2_perfect_price,2025-07-20,51,55,08:30-09:10,449.16779896765115
problem4_2_perfect_price,2025-07-20,113,126,18:50-21:00,6215.677835943676
problem4_2_perfect_price,2025-07-20,127,131,21:10-21:50,189.3383737004974
problem4_2_perfect_price,2025-07-22,119,121,19:50-20:10,11.783891994406758
problem4_2_perfect_price,2025-07-27,53,57,08:50-09:30,503.69903631612647
problem4_2_perfect_price,2025-07-27,113,114,18:50-19:00,8.21332290008877
problem4_2_perfect_price,2025-07-27,116,118,19:20-19:40,38.17232789093839
problem4_2_perfect_price,2025-07-27,119,124,19:50-20:40,3557.4205181414727
problem4_2_perfect_price,2025-08-03,114,120,19:00-20:00,180.42577377203418
problem4_2_perfect_price,2025-08-07,120,121,20:00-20:10,3.5106137122135124
problem4_2_perfect_price,2025-08-10,120,121,20:00-20:10,4.563050459598685
problem4_2_perfect_price,2025-08-10,122,126,20:20-21:00,1200.3102062619482
problem4_2_perfect_price,2025-08-11,116,117,19:20-19:30,28.482625107801027
problem4_2_perfect_price,2025-08-12,114,116,19:00-19:20,8.129500201853716
problem4_2_perfect_price,2025-08-13,123,124,20:30-20:40,23.78518246362171
problem4_2_perfect_price,2025-08-14,113,115,18:50-19:10,23.42252202094653
problem4_2_perfect_price,2025-08-14,123,124,20:30-20:40,15.07547633756974
problem4_2_perfect_price,2025-08-17,47,54,07:50-09:00,1195.9500889882543
problem4_2_perfect_price,2025-08-17,114,118,19:00-19:40,235.90997600667242
problem4_2_perfect_price,2025-08-17,121,124,20:10-20:40,705.3475586445154
problem4_2_perfect_price,2025-08-17,130,131,21:40-21:50,25.616716657539293
problem4_2_perfect_price,2025-08-18,114,115,19:00-19:10,15.424190045455703
problem4_2_perfect_price,2025-08-18,119,120,19:50-20:00,38.398459136490715
problem4_2_perfect_price,2025-08-18,122,124,20:20-20:40,48.3840135446178
problem4_2_perfect_price,2025-08-19,116,119,19:20-19:50,102.20532700356739
problem4_2_perfect_price,2025-08-19,120,121,20:00-20:10,30.382330544118872
problem4_2_perfect_price,2025-08-20,52,57,08:40-09:30,881.8268020466213
problem4_2_perfect_price,2025-08-20,115,116,19:10-19:20,0.19538223088534323
problem4_2_perfect_price,2025-08-20,119,124,19:50-20:40,1100.2939035140225
problem4_2_perfect_price,2025-08-20,125,126,20:50-21:00,19.589864209836104
problem4_2_perfect_price,2025-08-21,122,123,20:20-20:30,19.116396936897218
problem4_2_perfect_price,2025-08-24,48,55,08:00-09:10,1096.774218833916
problem4_2_perfect_price,2025-08-24,113,114,18:50-19:00,26.274008423035866
problem4_2_perfect_price,2025-08-24,117,130,19:30-21:40,2452.099478993545
problem4_2_perfect_price,2025-08-25,115,117,19:10-19:30,28.274837548055643
problem4_2_perfect_price,2025-08-25,121,124,20:10-20:40,2092.367512886279
problem4_2_perfect_price,2025-08-26,118,120,19:40-20:00,13.496319060433962
problem4_2_perfect_price,2025-08-27,113,114,18:50-19:00,22.981176869210003
problem4_2_perfect_price,2025-08-27,116,117,19:20-19:30,22.088297148254583
problem4_2_perfect_price,2025-08-27,119,120,19:50-20:00,5.870696368154199
problem4_2_perfect_price,2025-08-28,113,114,18:50-19:00,33.778471546091396
problem4_2_perfect_price,2025-08-28,119,121,19:50-20:10,36.6808442916564
problem4_2_perfect_price,2025-08-28,122,124,20:20-20:40,1001.4752845108723
problem4_2_perfect_price,2025-08-31,47,54,07:50-09:00,1299.0837060976537
problem4_2_perfect_price,2025-08-31,113,125,18:50-20:50,4406.945367760302
problem4_2_perfect_price,2025-09-07,47,55,07:50-09:10,1712.7747160010495
problem4_2_perfect_price,2025-09-07,112,113,18:40-18:50,20.1876666666667
problem4_2_perfect_price,2025-09-07,120,122,20:00-20:20,1279.0617104917694
problem4_2_perfect_price,2025-09-07,123,124,20:30-20:40,785.7203296030631
problem4_2_perfect_price,2025-09-07,126,128,21:00-21:20,57.05738678844679
problem4_2_perfect_price,2025-09-08,119,120,19:50-20:00,728.9035333678435
problem4_2_perfect_price,2025-09-09,121,122,20:10-20:20,9.099616666666748
problem4_2_perfect_price,2025-09-10,51,58,08:30-09:40,968.5033833333317
problem4_2_perfect_price,2025-09-10,122,124,20:20-20:40,1249.6768286497345
problem4_2_perfect_price,2025-09-14,43,56,07:10-09:20,3434.8833340058104
problem4_2_perfect_price,2025-09-14,110,131,18:20-21:50,7054.037540346304
problem4_2_perfect_price,2025-09-15,53,56,08:50-09:20,70.55040408151707
problem4_2_perfect_price,2025-09-15,118,119,19:40-19:50,1.1717666666667128
problem4_2_perfect_price,2025-09-16,111,112,18:30-18:40,4.854483333333405
problem4_2_perfect_price,2025-09-16,115,116,19:10-19:20,8.238266666666732
problem4_2_perfect_price,2025-09-16,123,125,20:30-20:50,22.30081970779861
problem4_2_perfect_price,2025-09-17,35,36,05:50-06:00,7.62916666666672
problem4_2_perfect_price,2025-09-17,56,58,09:20-09:40,81.89797849406871
problem4_2_perfect_price,2025-09-17,59,60,09:50-10:00,1.820590666666794
problem4_2_perfect_price,2025-09-18,109,110,18:10-18:20,7.928690361172471
problem4_2_perfect_price,2025-09-18,123,124,20:30-20:40,2.4633999999999787
problem4_2_perfect_price,2025-09-21,48,53,08:00-08:50,970.9098361956492
problem4_2_perfect_price,2025-09-21,112,131,18:40-21:50,5527.205662204594
problem4_2_perfect_price,2025-09-22,123,124,20:30-20:40,97.93645256195248
problem4_2_perfect_price,2025-09-22,127,131,21:10-21:50,91.93136052855095
problem4_2_perfect_price,2025-09-23,110,112,18:20-18:40,3.9096500000001697
problem4_2_perfect_price,2025-09-23,122,127,20:20-21:10,586.4066102767746
problem4_2_perfect_price,2025-09-23,128,129,21:20-21:30,3.793471851778918
problem4_2_perfect_price,2025-09-24,55,58,09:10-09:40,73.96948528923265
problem4_2_perfect_price,2025-09-25,112,114,18:40-19:00,31.88636666666673
problem4_2_perfect_price,2025-09-25,127,129,21:10-21:30,15.96512815109977
problem4_2_perfect_price,2025-09-28,47,59,07:50-09:50,2985.667523119295
problem4_2_perfect_price,2025-09-28,116,117,19:20-19:30,5.868333333333339
problem4_2_perfect_price,2025-09-28,118,131,19:40-21:50,4024.3114193051733
problem4_2_perfect_price,2025-09-29,36,37,06:00-06:10,20.39463333333333
problem4_2_perfect_price,2025-09-29,123,125,20:30-20:50,348.2582792164811
problem4_2_perfect_price,2025-09-30,56,58,09:20-09:40,142.74084838043376
problem4_2_perfect_price,2025-09-30,60,61,10:00-10:10,3.8029135000000895
problem4_2_perfect_price,2025-09-30,120,121,20:00-20:10,31.411150000000134
problem4_2_perfect_price,2025-09-30,123,128,20:30-21:20,745.438888137935
problem4_2_perfect_price,2025-10-05,49,56,08:10-09:20,1096.3201304823704
problem4_2_perfect_price,2025-10-05,123,124,20:30-20:40,305.9722760115689
problem4_2_perfect_price,2025-10-05,127,129,21:10-21:30,61.63406324708071
problem4_2_perfect_price,2025-10-12,36,37,06:00-06:10,20.929933333333338
problem4_2_perfect_price,2025-10-12,50,56,08:20-09:20,1026.053817684738
problem4_2_perfect_price,2025-10-12,121,124,20:10-20:40,2035.8955078908011
problem4_2_perfect_price,2025-10-12,126,131,21:00-21:50,65.11965922599725
problem4_2_perfect_price,2025-10-14,55,58,09:10-09:40,205.2948976911161
problem4_2_perfect_price,2025-10-15,123,124,20:30-20:40,75.96923684415731
problem4_2_perfect_price,2025-10-16,122,124,20:20-20:40,1104.6905963008292
problem4_2_perfect_price,2025-10-19,49,58,08:10-09:40,1980.3361836526572
problem4_2_perfect_price,2025-10-19,114,117,19:00-19:30,851.6288481040702
problem4_2_perfect_price,2025-10-19,118,131,19:40-21:50,3582.5733333826292
problem4_2_perfect_price,2025-10-20,56,61,09:20-10:10,476.323294591538
problem4_2_perfect_price,2025-10-22,57,62,09:30-10:20,637.9438472760803
problem4_2_perfect_price,2025-10-22,123,126,20:30-21:00,124.47729005943734
problem4_2_perfect_price,2025-10-22,130,131,21:40-21:50,10.420177466709287
problem4_2_perfect_price,2025-10-26,53,59,08:50-09:50,657.5125905415824
problem4_2_perfect_price,2025-10-26,120,131,20:00-21:50,1781.9218576644303
problem4_2_perfect_price,2025-10-27,36,37,06:00-06:10,15.890929132416204
problem4_2_perfect_price,2025-10-27,122,123,20:20-20:30,346.44158921664877
problem4_2_perfect_price,2025-10-29,59,63,09:50-10:30,228.9821174560584
problem4_2_perfect_price,2025-10-29,121,129,20:10-21:30,1695.702080376021
problem4_2_perfect_price,2025-10-30,36,37,06:00-06:10,3.641833333333352
problem4_2_perfect_price,2025-10-30,123,126,20:30-21:00,138.12192355364607
problem4_2_perfect_price,2025-10-30,128,131,21:20-21:50,55.75470217521274
problem4_2_perfect_price,2025-11-02,53,61,08:50-10:10,1573.031667127545
problem4_2_perfect_price,2025-11-02,121,131,20:10-21:50,2319.0076978486472
problem4_2_perfect_price,2025-11-04,36,37,06:00-06:10,21.977883333333466
problem4_2_perfect_price,2025-11-04,123,124,20:30-20:40,346.4651911501136
problem4_2_perfect_price,2025-11-04,126,128,21:00-21:20,58.56890888965752
problem4_2_perfect_price,2025-11-06,58,64,09:40-10:40,716.3837136976172
problem4_2_perfect_price,2025-11-06,127,131,21:10-21:50,96.86687732703342
problem4_2_perfect_price,2025-11-09,57,60,09:30-10:00,433.0078028072804
problem4_2_perfect_price,2025-11-09,120,131,20:00-21:50,2826.7832133702323
problem4_2_perfect_price,2025-11-10,123,124,20:30-20:40,124.94066362446756
problem4_2_perfect_price,2025-11-10,125,126,20:50-21:00,16.283629560915482
problem4_2_perfect_price,2025-11-10,130,131,21:40-21:50,21.058088783737436
problem4_2_perfect_price,2025-11-12,38,39,06:20-06:30,11.773333333333426
problem4_2_perfect_price,2025-11-16,39,40,06:30-06:40,2.7407333333334236
problem4_2_perfect_price,2025-11-16,60,65,10:00-10:50,699.8681467053111
problem4_2_perfect_price,2025-11-16,119,120,19:50-20:00,396.61710638432834
problem4_2_perfect_price,2025-11-16,122,125,20:20-20:50,1530.4292394924314
problem4_2_perfect_price,2025-11-16,127,130,21:10-21:40,76.74673806969709
problem4_2_perfect_price,2025-11-19,35,36,05:50-06:00,1.3850000000001046
problem4_2_perfect_price,2025-11-23,59,65,09:50-10:50,1014.0249107502768
problem4_2_perfect_price,2025-11-23,123,129,20:30-21:30,848.3998910685133
problem4_2_perfect_price,2025-11-24,36,37,06:00-06:10,18.83966666666663
problem4_2_perfect_price,2025-11-26,36,37,06:00-06:10,32.99316666666664
problem4_2_perfect_price,2025-11-30,36,37,06:00-06:10,6.062833333333515
problem4_2_perfect_price,2025-11-30,59,65,09:50-10:50,499.12623787050126
problem4_2_perfect_price,2025-11-30,120,124,20:00-20:40,2480.0179201616857
problem4_2_perfect_price,2025-11-30,128,131,21:20-21:50,107.4384341932207
problem4_2_perfect_price,2025-12-01,47,49,07:50-08:10,113.36543333333316
problem4_2_perfect_price,2025-12-01,55,65,09:10-10:50,3403.751178211921
problem4_2_perfect_price,2025-12-01,122,124,20:20-20:40,875.7544387346189
problem4_2_perfect_price,2025-12-02,47,50,07:50-08:20,173.89789266476544
problem4_2_perfect_price,2025-12-02,56,65,09:20-10:50,3455.028543028548
problem4_2_perfect_price,2025-12-02,122,125,20:20-20:50,1153.6337653143664
problem4_2_perfect_price,2025-12-02,128,131,21:20-21:50,37.55628206900237
problem4_2_perfect_price,2025-12-03,47,49,07:50-08:10,47.89181203380713
problem4_2_perfect_price,2025-12-03,59,64,09:50-10:40,939.229790742378
problem4_2_perfect_price,2025-12-03,123,127,20:30-21:10,773.5581583482746
problem4_2_perfect_price,2025-12-04,48,50,08:00-08:20,108.65656309564997
problem4_2_perfect_price,2025-12-04,56,65,09:20-10:50,2505.872005478359
problem4_2_perfect_price,2025-12-04,124,125,20:40-20:50,124.92239954709265
problem4_2_perfect_price,2025-12-07,47,49,07:50-08:10,164.7132833333335
problem4_2_perfect_price,2025-12-07,55,65,09:10-10:50,2816.0052143254175
problem4_2_perfect_price,2025-12-07,118,126,19:40-21:00,4538.895819351888
problem4_2_perfect_price,2025-12-07,128,131,21:20-21:50,119.61155944697214
problem4_2_perfect_price,2025-12-09,47,50,07:50-08:20,138.38569225205845
problem4_2_perfect_price,2025-12-09,123,124,20:30-20:40,160.65266105067872
problem4_2_perfect_price,2025-12-09,126,128,21:00-21:20,25.466916148025554
problem4_2_perfect_price,2025-12-14,47,49,07:50-08:10,87.21601666666663
problem4_2_perfect_price,2025-12-14,57,65,09:30-10:50,2809.594454592307
problem4_2_perfect_price,2025-12-14,119,131,19:50-21:50,4500.796266293928
problem4_2_perfect_price,2025-12-15,47,48,07:50-08:00,4.2083267739176335
problem4_2_perfect_price,2025-12-21,47,49,07:50-08:10,90.81919855656281
problem4_2_perfect_price,2025-12-21,60,65,10:00-10:50,1348.163246172267
problem4_2_perfect_price,2025-12-21,120,131,20:00-21:50,3293.429687531465
problem4_2_perfect_price,2025-12-28,47,50,07:50-08:20,140.3975697617551
problem4_2_perfect_price,2025-12-28,122,131,20:20-21:50,1177.0506332639643
