date,plan_cost_yuan,adjustment_cost_yuan,emergency_cost_yuan,total_cost_yuan,initial_purchase_kwh,final_purchase_kwh,emergency_kwh,charge_kwh,discharge_kwh,curtail_kwh,start_soc_kwh,end_soc_kwh
2025-02-01,25868.689328172863,0.0,0.0,25868.689328172863,59921.378044924466,59921.378044924466,0.0,21679.541484511472,13240.428602454296,17104.08922953396,6000.0,10800.0
2025-02-02,60926.67332960737,0.0,247.51536350473026,61174.188693112104,88617.60787943448,88617.60787943448,39.0525975867356,24226.867558178892,19623.762722124906,5697.27769096723,10800.0,10800.0
2025-02-03,65871.06455856015,0.0,0.0,65871.06455856015,92316.30885928127,92316.30885928127,0.0,21343.94258210242,17288.59349150296,8044.0432686818185,10800.0,10800.0
2025-02-04,65569.51998569729,0.0,0.0,65569.51998569729,92179.49503322944,92179.49503322944,0.0,23783.587123198085,19264.705569790454,6465.7495298217955,10800.0,10800.0
2025-02-05,65024.8939632367,0.0,0.0,65024.8939632367,91669.27052953326,91669.27052953326,0.0,24064.997254153197,19492.647775864087,6348.494067910819,10800.0,10800.0
2025-02-06,64438.87876147247,0.0,0.0,64438.87876147247,91249.50076643527,91249.50076643527,0.0,22477.954387675676,18207.143054017302,6707.632216110236,10800.0,10800.0
2025-02-07,25997.07893595362,0.0,0.0,25997.07893595362,58298.559640561536,58298.559640561536,0.0,18103.06152009625,14663.47983127796,23053.298285076587,10800.0,10800.0
2025-02-08,20683.2866265211,0.0,0.0,20683.2866265211,48682.1868656889,48682.1868656889,0.0,18096.530325829655,14658.18956392202,13666.683387114592,10800.0,10800.0
2025-02-09,53979.80523028948,0.0,25367.75828255264,79347.56351284211,79733.09504199895,79733.09504199895,4148.975811130682,21941.08523637524,17833.265326114408,218.83497620214678,10800.0,10732.237461499488
2025-02-10,60130.32711513014,0.0,0.0,60130.32711513014,88281.78492093377,88281.78492093377,0.0,20767.904326468575,16761.01621978909,9948.259230920967,10732.237461499488,10800.0
2025-02-11,58569.54647721875,0.0,0.2742808680462517,58569.8207580868,85742.63975728257,85742.63975728257,0.0516196232325683,21897.75391904325,17737.180674425035,6361.520998954259,10800.0,10800.0
2025-02-12,58070.836161711464,0.0,0.0,58070.836161711464,85478.1773878414,85478.1773878414,0.0,22345.282626424683,18099.678927403995,5965.837555487365,10800.0,10800.0
2025-02-13,57047.26872848225,0.0,0.0,57047.26872848225,84988.77325837151,84988.77325837151,0.0,21790.850188889533,17650.58865300053,9519.032705815845,10800.0,10800.0
2025-02-14,22877.42664204237,0.0,0.0,22877.42664204237,51536.330313778366,51536.330313778366,0.0,15269.106892335534,12367.97658279178,18833.39818756795,10800.0,10800.0
2025-02-15,19066.050777363063,0.0,0.0,19066.050777363063,43831.47293450812,43831.47293450812,0.0,18296.597507194856,14820.24398082783,11075.028308141098,10800.0,10800.0
2025-02-16,48199.51021214578,0.0,34332.14153227852,82531.6517444243,73593.93649562348,73593.93649562348,5725.457362671134,21464.012544470133,17565.76168474022,43.7638985647086,10800.0,10600.098306978427
2025-02-17,55168.498846024115,0.0,0.0,55168.498846024115,82346.82922860788,82346.82922860788,0.0,22220.556842055714,17818.739518345712,6761.148738231214,10600.098306978427,10800.0
2025-02-18,52792.59323533029,0.0,0.0,52792.59323533029,80187.78836401043,80187.78836401043,0.0,23677.421806844977,19178.711663544433,3597.690437376552,10800.0,10800.0
2025-02-19,52802.6887295231,0.0,271.4749341677759,53074.16366369087,80662.32183257712,80662.32183257712,50.05068845276105,25967.114890924247,21137.90000606492,3003.830252837212,10800.0,10683.847839537464
2025-02-20,53212.058675901666,0.0,79.58656463064119,53291.64524053231,80173.8610990057,80173.8610990057,14.185289124078281,22676.733422095993,18263.617127481477,4781.796360181941,10683.847839537464,10800.0
2025-02-21,20843.50458103437,0.0,0.0,20843.50458103437,47451.32668154755,47451.32668154755,0.0,16600.70733191,13446.572938847099,18736.930255151325,10800.0,10800.0
2025-02-22,17206.034701367258,0.0,0.0,17206.034701367258,40142.504737466916,40142.504737466916,0.0,20875.873212837934,16909.45730239873,8331.325943694379,10800.0,10800.0
2025-02-23,45636.74810491459,0.0,25222.391808063818,70859.13991297841,71234.62304509102,71234.62304509102,4299.871591843349,21833.261212945137,17902.093151256086,71.47289191199548,10800.0,10558.720479143867
2025-02-24,50747.48410306286,0.0,126.82525901161259,50874.30936207447,77923.63341908273,77923.63341908273,25.59570541140315,23551.372630998427,18859.4602623382,5054.28313916725,10558.720479143867,10800.0
2025-02-25,49058.55158895365,0.0,306.5148367989168,49365.066425752564,76156.14733030589,76156.14733030589,59.2587549376434,21242.656721039155,17206.551944041716,6357.978074912762,10800.0,10800.0
2025-02-26,48245.73164962749,0.0,1585.3575697882752,49831.089219415764,74445.8324690509,74445.8324690509,245.8109263955772,23182.089497843906,18777.492493253565,1472.1983575228087,10800.0,10800.0
2025-02-27,47595.09940690402,0.0,2577.470659438158,50172.570066342174,75634.08909371246,75634.08909371246,487.30217768730483,24588.79712769073,19916.92567342949,4492.93561713854,10800.0,10800.0
2025-02-28,18335.17117956942,0.0,0.0,18335.17117956942,42852.86155026863,42852.86155026863,0.0,18034.881924400805,14608.254358764658,16133.640434632476,10800.0,10800.0
2025-03-01,15842.33404696808,0.0,0.0,15842.33404696808,38063.22362102988,38063.22362102988,0.0,19924.8528496901,16139.130808248985,10618.735646255429,10800.0,10800.0
2025-03-02,43011.413190221174,0.0,48887.133746420004,91898.54693664119,68409.9192392612,68409.9192392612,7773.649596801488,20599.391473155418,16910.09014029897,135.96043653957895,10800.0,10550.463281063245
2025-03-03,49539.677507351385,0.0,7909.610317667673,57449.287825019055,76868.85326224752,76868.85326224752,1279.304153192789,25162.992844288106,20226.880960488146,1194.8988983070203,10550.463281063245,10722.844662602376
2025-03-04,49984.47763872365,0.0,0.0,49984.47763872365,77028.82883206426,77028.82883206426,0.0,23015.234029050138,18572.899759872744,3387.0366295535405,10722.844662602376,10800.0
2025-03-05,48563.44774214686,0.0,15.835160000000387,48579.282902146864,76326.32483061377,76326.32483061377,3.286666666666747,21603.349200624187,17498.712852505596,6094.503132495187,10800.0,10800.0
2025-03-06,47230.247323573945,0.0,1129.5007680039046,48359.74809157785,74386.80742458177,74386.80742458177,174.1562080965674,21438.21216575832,17364.95185426424,4547.049187850917,10800.0,10800.0
2025-03-07,18194.602955313916,0.0,0.0,18194.602955313916,42774.72551425884,42774.72551425884,0.0,16460.1845151175,13332.749457245176,18725.004923053173,10800.0,10800.0
2025-03-08,15506.123171979396,0.0,0.0,15506.123171979396,37357.8594866386,37357.8594866386,0.0,19563.17691017421,15846.173297241116,14577.716357038833,10800.0,10800.0
2025-03-09,39668.20912974057,0.0,16887.848336862,56556.05746660257,66072.18039242172,66072.18039242172,2849.588801874447,24068.382816795944,19658.31269414381,1178.1740216440317,10800.0,10618.974874956562
2025-03-10,46324.12145892334,0.0,5636.928431292536,51961.04989021588,72014.31896313032,72014.31896313032,875.0443040703115,22643.514185891385,18178.32387803292,382.1015093421656,10618.974874956562,10800.0
2025-03-11,46118.22449075405,0.0,278.6925007184943,46396.91699147254,73524.16367167249,73524.16367167249,42.17820669216712,22119.83950622254,17917.07000004026,5424.653572182382,10800.0,10800.0
2025-03-12,44763.93048940269,0.0,0.0,44763.93048940269,72117.12785072465,72117.12785072465,0.0,22650.6945983095,18347.062624630697,5377.961193712523,10800.0,10800.0
2025-03-13,44514.369046309956,0.0,13446.420218471894,57960.78926478185,70425.270903483,70425.270903483,2055.0370983723838,21838.679504227028,17689.33039842389,785.3408793855824,10800.0,10800.0
2025-03-14,17788.97766519957,0.0,0.0,17788.97766519957,42924.35135577801,42924.35135577801,0.0,19890.527105385114,16111.326955361945,23115.72522242151,10800.0,10800.0
2025-03-15,15380.428881318096,0.0,0.0,15380.428881318096,36458.589986117535,36458.589986117535,0.0,19873.391319823844,16097.446969057313,11758.520485351008,10800.0,10800.0
2025-03-16,38590.16919955732,0.0,25813.021609622865,64403.19080918019,64041.139911267965,64041.139911267965,4230.211871773935,21344.34791708221,17522.890468106558,1098.847400732927,10800.0,10540.034827477817
2025-03-17,43258.48488371501,0.0,0.0,43258.48488371501,71421.02849852575,71421.02849852575,0.0,20861.151349340045,16663.56393769548,9365.309653547843,10540.034827477817,10800.0
2025-03-18,41766.626117575295,0.0,3256.024794280419,45022.650911855715,68031.91318312893,68031.91318312893,625.8943900303709,22401.79567668165,18145.45449811214,3275.5080279231343,10800.0,10800.0
2025-03-19,42283.23507651475,0.0,0.0,42283.23507651475,69557.48336871024,69557.48336871024,0.0,23182.30162779309,18777.664318512412,5687.375609429562,10800.0,10800.0
2025-03-20,42080.44252625854,0.0,756.7844317954065,42837.22695805395,68701.02241300496,68701.02241300496,114.42159537275575,23681.379833774467,19181.91766535732,2107.0200232939046,10800.0,10800.0
2025-03-21,16612.747199930724,0.0,0.0,16612.747199930724,39952.38375715766,39952.38375715766,0.0,18434.48059199364,14931.929279514852,24416.367928012198,10800.0,10800.0
2025-03-22,14347.701312946076,0.0,0.0,14347.701312946076,34978.26685662667,34978.26685662667,0.0,19581.509794238686,15861.022933333334,15376.58026238799,10800.0,10800.0
2025-03-23,36195.00702245512,0.0,15000.799060114372,51195.806082569485,60994.78495224756,60994.78495224756,2679.8555126568385,22080.84468383328,18010.42174607185,834.4974104763091,10800.0,10661.180497592337
2025-03-24,40706.96577644613,0.0,0.0,40706.96577644613,66838.72554696664,66838.72554696664,0.0,21907.985686519107,17620.53085391358,4552.773631027783,10661.180497592337,10800.0
2025-03-25,40493.23250746299,0.0,0.0,40493.23250746299,66298.45208577754,66298.45208577754,0.0,23184.528328539793,18779.467946117227,943.2669866883057,10800.0,10800.0
2025-03-26,40346.48076894287,0.0,0.0,40346.48076894287,66941.8792139658,66941.8792139658,0.0,20042.20537727311,16234.186355591217,7541.305325617247,10800.0,10800.0
2025-03-27,39474.55758750416,0.0,0.0,39474.55758750416,65350.71256808859,65350.71256808859,0.0,21661.436824080094,17545.76382750488,2518.0501715133705,10800.0,10800.0
2025-03-28,15570.96067083178,0.0,0.0,15570.96067083178,37520.39156971454,37520.39156971454,0.0,18377.47455120179,14885.75438647345,23206.790638319533,10800.0,10800.0
2025-03-29,13447.793504820722,0.0,0.0,13447.793504820722,33769.23748870859,33769.23748870859,0.0,19807.679305146157,16044.22023716839,22298.569237397485,10800.0,10800.0
2025-03-30,33158.62745451118,0.0,16436.14869271418,49594.77614722536,56833.29322468912,56833.29322468912,2795.2890344670313,21692.698220229984,17662.787810688824,253.05214961499166,10800.0,10698.108608552739
2025-03-31,38073.85215259423,0.0,0.0,38073.85215259423,63274.22729325541,63274.22729325541,0.0,20974.892306744732,16897.960516160696,2245.9060193380465,10698.108608552739,10800.0
2025-04-01,39094.74458121557,0.0,5409.872264148811,44504.616845364384,63823.5638391278,63823.5638391278,822.169935014138,20771.5488007027,16824.954528569186,490.2879853417588,10800.0,10800.0
2025-04-02,38575.14259262959,0.0,6738.30596079748,45313.44855342707,64480.21498862926,64480.21498862926,1261.7076161278692,22866.385152445873,18521.771973481154,961.974025792418,10800.0,10800.0
2025-04-03,39669.77636794638,0.0,0.0,39669.77636794638,66439.27914646914,66439.27914646914,0.0,24613.623531503792,19937.035060518072,5899.160408816753,10800.0,10800.0
2025-04-04,14622.040498096314,0.0,0.0,14622.040498096314,35679.2041003406,35679.2041003406,0.0,17798.330690380782,14416.647859208435,25866.719019168253,10800.0,10800.0
2025-04-05,13209.056149009117,0.0,0.0,13209.056149009117,32596.000012997752,32596.000012997752,0.0,19345.767134311493,15670.071378792312,16876.18927414524,10800.0,10800.0
2025-04-06,34533.795038668715,0.0,6173.041652369886,40706.8366910386,58406.161641937986,58406.161641937986,1056.3738926211563,22198.98380824259,18008.3026099411,861.7780695909889,10800.0,10769.860305261554
2025-04-07,37623.00752483099,0.0,0.0,37623.00752483099,62999.38365132014,62999.38365132014,0.0,19884.45657618607,16079.284101446112,5951.491893246848,10769.860305261554,10800.0
2025-04-08,36871.919360965854,0.0,3109.1625280043,39981.081888970155,62640.624153299235,62640.624153299235,591.1464755450753,21518.102978005278,17429.66341218428,4790.137446356661,10800.0,10800.0
2025-04-09,37333.02968564269,0.0,8903.311261656561,46236.34094729925,62543.92758744772,62543.92758744772,1373.1873699527137,22044.18427943424,17855.789266341733,594.4089276412614,10800.0,10800.0
2025-04-10,38193.340213932286,0.0,0.0,38193.340213932286,64927.06522607412,64927.06522607412,0.0,22720.329376293404,18403.466794797656,6149.56474457837,10800.0,10800.0
2025-04-11,14164.280789647906,0.0,0.0,14164.280789647906,35203.9298933689,35203.9298933689,0.0,19504.086420329193,15798.310000466645,26181.50330683968,10800.0,10800.0
2025-04-12,12052.222252994059,0.0,0.0,12052.222252994059,30633.307548313856,30633.307548313856,0.0,19412.930951103175,15859.566123651248,18054.78217086193,10800.0,10649.897718602577
2025-04-13,33083.37160355671,0.0,14865.076644800885,47948.4482483576,56309.9068455096,56309.9068455096,2376.769116922614,21607.93790382871,17440.671930726312,243.05150599647936,10649.897718602577,10718.517464574736
2025-04-14,35988.52636557516,0.0,0.0,35988.52636557516,61098.54423593331,61098.54423593331,0.0,21204.332234885143,17102.174828374227,4468.3550294223905,10718.517464574736,10800.0
2025-04-15,35508.682254215964,0.0,0.0,35508.682254215964,61600.73370314207,61600.73370314207,0.0,21007.593405602718,17016.15065853821,7469.862122744224,10800.0,10800.0
2025-04-16,35967.79523214183,0.0,0.0,35967.79523214183,60191.25429186084,60191.25429186084,0.0,20638.196289592495,16716.938994569915,490.4050468382634,10800.0,10800.0
2025-04-17,36143.51749988438,0.0,0.0,36143.51749988438,61949.378775914505,61949.378775914505,0.0,21151.888065681323,17133.029333201874,5062.177693435062,10800.0,10800.0
2025-04-18,13613.610849414497,0.0,0.0,13613.610849414497,34137.55696552021,34137.55696552021,0.0,18577.244023170326,15047.56765876797,24253.763417784525,10800.0,10800.0
2025-04-19,12012.967957566056,0.0,0.0,12012.967957566056,31084.168099612147,31084.168099612147,0.0,19340.7242300058,15665.986626304693,20624.751245911037,10800.0,10800.0
2025-04-20,31908.61021532491,0.0,9609.6276019689,41518.237817293804,54484.48614150288,54484.48614150288,1514.8617991854649,21250.634856767763,17287.241770809378,78.20997139662813,10800.0,10717.524959080572
2025-04-21,34627.088130681186,0.0,0.0,34627.088130681186,59833.99994613492,59833.99994613492,0.0,20397.765013037817,16447.962123733152,7367.28667349693,10717.524959080572,10800.0
2025-04-22,34818.81792611969,0.0,0.0,34818.81792611969,58590.21540843233,58590.21540843233,0.0,20734.57510633542,16795.005836131688,2497.716821561924,10800.0,10800.0
2025-04-23,35306.499199038066,0.0,0.0,35306.499199038066,60437.40657537053,60437.40657537053,0.0,20785.1513866719,16835.972623204238,5088.311095236205,10800.0,10800.0
2025-04-24,34541.495110166405,0.0,0.0,34541.495110166405,59443.423400260646,59443.423400260646,0.0,21495.984929001028,17411.747792490838,8269.079563750447,10800.0,10800.0
2025-04-25,12754.059432538343,0.0,0.0,12754.059432538343,33060.91984340992,33060.91984340992,0.0,18504.25616150129,14988.447490816048,27544.753522724677,10800.0,10800.0
2025-04-26,11426.844749534936,0.0,0.0,11426.844749534936,29676.779244093414,29676.779244093414,0.0,20584.9892712956,16674.253442251054,25695.84978171553,10800.0,10799.542074998206
2025-04-27,29321.224775929397,0.0,18489.859170908832,47811.08394683823,50516.96079905964,50516.96079905964,3024.92794893255,23655.226576397712,19284.93170602449,598.1226942856372,10799.542074998206,10661.544098173385
2025-04-28,33449.98363352826,0.0,26771.29482025546,60221.27845378372,56601.69411163589,56601.69411163589,4170.482899146946,17700.812763762202,14213.048027003424,662.4449573573871,10661.544098173385,10800.0
2025-04-29,34448.6172306737,0.0,130.2129848904667,34578.830215564165,60273.56384376783,60273.56384376783,19.675579463654685,19672.383724860483,15934.630817136993,9122.27279884133,10800.0,10800.0
2025-04-30,33262.721815924015,0.0,0.0,33262.721815924015,57370.08137994967,57370.08137994967,0.0,19037.40590525024,15420.298783252696,5496.1198246188005,10800.0,10800.0
2025-05-01,33523.572311161086,0.0,12642.449042667926,46166.02135382901,56617.113847960885,56617.113847960885,1965.6559188996898,24262.17386129577,20186.504558653236,3495.72166421804,10800.0,10206.506965551494
2025-05-02,14533.531368613392,0.0,0.0,14533.531368613392,34195.73602599766,34195.73602599766,0.0,21022.501761249878,16494.08269560875,15376.9968770232,10206.506965551494,10800.0
2025-05-03,12731.506462005118,0.0,1545.7506557041684,14277.257117709287,30989.25686621663,30989.25686621663,347.3862626384931,20325.102408378723,16547.715785775523,18692.084856251924,10800.0,10706.241294456937
2025-05-04,31775.504980510617,0.0,16827.50614870927,48603.011129219885,52537.32659324853,52537.32659324853,2698.937757366487,20566.057894692887,17095.453287796605,30.99241038539526,10706.241294456937,10220.745302128755
2025-05-05,35171.9441631544,0.0,12697.58222004488,47869.526383199285,59019.40770932407,59019.40770932407,1979.7519436778362,23199.531171131515,18493.687906731975,1217.3095886023802,10220.745302128755,10551.78123755603
2025-05-06,36106.22527658631,0.0,5190.71340731107,41296.93868389738,59780.867688740764,59780.867688740764,852.9620908593027,24318.87738732713,19856.6377431034,3301.50776870967,10551.78123755603,10375.840060479997
2025-05-07,36076.6924338026,0.0,11698.924636746178,47775.617070548775,59931.069736267156,59931.069736267156,1742.6333960593831,21610.459936438005,17295.645317074785,2291.042562963325,10375.840060479997,10607.870317635547
2025-05-08,36912.66261034869,0.0,1949.7004733627466,38862.36308371144,60249.38193614573,60249.38193614573,305.6139167500245,21788.08089119786,17641.204492429708,581.6070541276024,10607.870317635547,10615.804794791731
2025-05-09,15783.255001010808,0.0,0.0,15783.255001010808,36283.98841069519,36283.98841069519,0.0,18799.81993888163,15062.078465806677,24046.86108762023,10615.804794791731,10800.0
2025-05-10,13949.604215986357,0.0,0.0,13949.604215986357,32536.52603276865,32536.52603276865,0.0,20409.533440385254,16531.722086712056,16537.669395762117,10800.0,10800.0
2025-05-11,32437.25497875123,0.0,33773.10250125046,66210.3574800017,53489.21653831844,53489.21653831844,5096.798727874242,17504.540585435876,14512.265970892573,109.66156831604451,10800.0,10429.34655923387
2025-05-12,37753.37314439217,0.0,2319.0356141374536,40072.40875852962,61881.37382521099,61881.37382521099,356.3264683259718,17544.249347838893,13877.253875059989,6639.509587424722,10429.34655923387,10800.0
2025-05-13,36230.14338028675,0.0,422.73954004330346,36652.88292033005,59929.58904491896,59929.58904491896,65.77506828353803,21639.45185506251,17527.956002600637,2754.6554940739607,10800.0,10800.0
2025-05-14,36505.382614716786,0.0,543.1786585621662,37048.56127327895,61095.46201256347,61095.46201256347,78.7911774606199,19874.39040372601,16168.757687250647,4454.4716902154,10800.0,10721.665044186027
2025-05-15,37300.661468175254,0.0,0.0,37300.661468175254,60720.65061292576,60720.65061292576,0.0,20592.553487875073,16609.466864946236,3972.5057066635923,10721.665044186027,10800.0
2025-05-16,16535.45285224833,0.0,0.0,16535.45285224833,37257.35767004447,37257.35767004447,0.0,17268.996545933005,13987.887202205737,31260.74179298387,10800.0,10800.0
2025-05-17,14023.249322045336,0.0,0.0,14023.249322045336,32384.544969265247,32384.544969265247,0.0,20969.74602405417,17005.46853992738,17971.468401805127,10800.0,10777.806377284998
2025-05-18,32214.97844260993,0.0,24375.78466231867,56590.7631049286,53554.210830700395,53554.210830700395,3716.0037627818474,19049.250754728244,15556.705026569345,101.50076532334629,10777.806377284998,10636.904249241143
2025-05-19,36763.4134013017,0.0,550.829460833334,37314.242862135034,61625.49453633396,61625.49453633396,79.23650000000009,18975.536399508142,15223.39830791863,10437.376394744455,10636.904249241143,10800.0
2025-05-20,35700.99541088106,0.0,1217.8312749055146,36918.826685786575,59361.671394502584,59361.671394502584,182.56097905091212,21901.059246753757,17739.85798987054,855.636300003628,10800.0,10800.0
2025-05-21,37435.74997730563,0.0,0.0,37435.74997730563,61469.42662641217,61469.42662641217,0.0,18633.827665658635,15093.400409183494,6566.384086603696,10800.0,10800.0
2025-05-22,37302.592087880155,0.0,0.0,37302.592087880155,60491.43851779749,60491.43851779749,0.0,17939.51108642927,14531.00398000771,6266.3005947092715,10800.0,10800.0
2025-05-23,16015.826257589986,0.0,0.0,16015.826257589986,36735.299679060205,36735.299679060205,0.0,19523.32645055101,15813.89442494632,26604.918770122185,10800.0,10800.0
2025-05-24,14262.18346807842,0.0,0.0,14262.18346807842,32545.994402049484,32545.994402049484,0.0,19581.07636811496,15860.671858173117,25071.088508774308,10800.0,10800.0
2025-05-25,32731.25475743685,0.0,4709.491864065667,37440.74662150252,53811.592798353304,53811.592798353304,749.6660202965409,22365.282479049245,18151.326564402734,1802.29272067,10800.0,10760.613604030179
2025-05-26,36509.10473458338,0.0,0.0,36509.10473458338,59961.41222692725,59961.41222692725,0.0,20610.879808579717,16659.364888576747,1430.0643569242718,10760.613604030179,10800.0
2025-05-27,37494.0801761674,0.0,0.0,37494.0801761674,61968.63345117238,61968.63345117238,0.0,19271.403998094152,15609.837238456259,8916.699391534497,10800.0,10800.0
2025-05-28,36790.92012158931,0.0,0.0,36790.92012158931,60227.65571702513,60227.65571702513,0.0,20943.853878148708,16964.52164130046,3974.4993801768837,10800.0,10800.0
2025-05-29,37646.54152993702,0.0,119.80442173333444,37766.34595167036,61574.437691132116,61574.437691132116,17.817433333333497,20245.57560103552,16398.916236838777,3635.472260268703,10800.0,10800.0
2025-05-30,16706.765440276522,0.0,0.0,16706.765440276522,36519.22770331918,36519.22770331918,0.0,18101.552718733394,14662.257702174047,26483.699420093162,10800.0,10800.0
2025-05-31,13887.64754307428,0.0,0.0,13887.64754307428,32979.96810041543,32979.96810041543,0.0,20789.37026536985,16958.665788109887,20760.08207315547,10800.0,10667.471252044104
2025-06-01,37093.52828020179,0.0,100451.44088544331,137544.9691656451,55972.47644578986,55972.47644578986,16770.51559598829,11820.507673547407,10302.34193176926,0.0,10667.471252044104,9858.88156738204
2025-06-02,44704.423008513804,0.0,42231.48078475821,86935.90379327201,68523.58298363416,68523.58298363416,6267.752481628479,21567.09226626272,17175.992329690143,1759.4280786900706,9858.88156738204,10184.828685140548
2025-06-03,45401.892588017,0.0,27688.105368916185,73089.99795693319,68595.01535252342,68595.01535252342,4259.986821032163,21667.08624406249,17377.663039066487,373.21213522624873,10184.828685140548,10376.691816945136
2025-06-04,46612.48922479362,0.0,27146.8021093248,73759.29133411842,69943.8210562992,69943.8210562992,3958.0378177265334,21302.350229703792,17279.567434773824,233.8152624291015,10376.691816945136,10349.287651707638
2025-06-05,47811.95890357882,0.0,27967.68990113255,75779.64880471138,71823.3915158301,71823.3915158301,4174.455907401612,24202.673260032418,19622.579973132073,268.4361196647135,10349.287651707638,10328.8269489234
2025-06-06,22628.589071511404,0.0,0.0,22628.589071511404,43484.36310962004,43484.36310962004,0.0,20013.504393084517,15786.882812429521,8402.746128965042,10328.8269489234,10800.0
2025-06-07,19968.303198397538,0.0,0.0,19968.303198397538,39216.616489382664,39216.616489382664,0.0,21967.405513541555,17793.59846596866,3916.2962751431037,10800.0,10800.0
2025-06-08,45665.48213011141,0.0,14852.148899652075,60517.63102976349,69780.91084708666,69780.91084708666,2236.59070953284,21902.793161009846,18136.737166907657,3066.5222958506406,10800.0,10360.58365945591
2025-06-09,50670.311945770736,0.0,12603.777848491418,63274.08979426215,74972.50669178853,74972.50669178853,1782.541573529626,22943.345136957116,18188.634854445583,1067.6252494732912,10360.58365945591,10800.0
2025-06-10,52523.1099116665,0.0,318.36304946796383,52841.47296113447,77672.73318330529,77672.73318330529,45.74819650864572,24119.013688047788,19629.998186021265,1611.0216444540893,10800.0,10696.003223663824
2025-06-11,53039.71000330243,0.0,23530.16225347283,76569.87225677527,79345.16066508487,79345.16066508487,3598.246939154458,26243.288695378807,21163.466744554273,1779.1393367481437,10696.003223663824,10800.0
2025-06-12,55851.8547607744,0.0,99.68177288798336,55951.53653366238,81941.05132724522,81941.05132724522,14.207778347774138,23871.539490685016,19335.946987454867,4967.275169029506,10800.0,10800.0
2025-06-13,27887.9838307624,0.0,0.0,27887.9838307624,54200.54419253941,54200.54419253941,0.0,13850.047908324663,11218.538805742977,23223.721389957725,10800.0,10800.0
2025-06-14,23045.542801537908,0.0,0.0,23045.542801537908,43910.033474894626,43910.033474894626,0.0,17302.385457512108,14014.9322205848,14429.23748796732,10800.0,10800.0
2025-06-15,46020.42921134121,0.0,37378.40391073866,83398.83312207987,69261.63487360728,69261.63487360728,5442.404606307552,19635.01668205789,16006.582085543057,448.6305500666757,10800.0,10686.42380769315
2025-06-16,56577.13547627599,0.0,232.77177294906593,56809.907249225056,82110.11128796739,82110.11128796739,34.307644148726354,22702.07983441766,18286.466092802144,5034.752373833929,10686.42380769315,10800.0
2025-06-17,57311.47630274162,0.0,389.034205397204,57700.510508138825,83655.81925422563,83655.81925422563,55.52726663079977,23961.615126913133,19408.908252799636,4521.628430076268,10800.0,10800.0
2025-06-18,58768.25604010928,0.0,0.0,58768.25604010928,84909.52017034648,84909.52017034648,0.0,18986.92458127437,15379.408910832235,10373.613599904347,10800.0,10800.0
2025-06-19,56298.16382621664,0.0,499.63741860640823,56797.801244823044,83250.02989791286,83250.02989791286,72.41485122455288,22081.522442060123,17886.033178068705,10867.451285145993,10800.0,10800.0
2025-06-20,28079.553863190242,0.0,0.0,28079.553863190242,55192.8675552659,55192.8675552659,0.0,14354.921445715507,11627.486371029558,30064.851630579953,10800.0,10800.0
2025-06-21,21351.447013292298,0.0,0.0,21351.447013292298,43246.01673037906,43246.01673037906,0.0,20649.04387087476,16725.725535408557,19987.957994912853,10800.0,10800.0
2025-06-22,47595.21788810604,0.0,7592.54538774338,55187.76327584942,71858.68482084945,71858.68482084945,1106.0673274829405,23982.1629798797,19452.464789347883,977.7128578005787,10800.0,10770.096915949634
2025-06-23,56281.49371545595,0.0,0.0,56281.49371545595,83197.3053597496,83197.3053597496,0.0,20719.837244899474,16756.155392723256,12172.337507573393,10770.096915949634,10800.0
2025-06-24,57608.37218222383,0.0,4016.763627364291,61625.13580958812,82817.58969796414,82817.58969796414,567.9845619555527,26853.834686590715,21751.60609613848,2014.5534194674726,10800.0,10800.0
2025-06-25,58956.2776456726,0.0,0.0,58956.2776456726,86454.05858082295,86454.05858082295,0.0,20793.408659421068,16842.661014131067,12065.889568866296,10800.0,10800.0
2025-06-26,56505.23520518323,0.0,68.08873798288374,56573.32394316611,84551.41537199738,84551.41537199738,9.65181628504979,21501.027954202367,17415.832642903915,12928.48804365065,10800.0,10800.0
2025-06-27,25540.159465201115,0.0,0.0,25540.159465201115,52679.57686983202,52679.57686983202,0.0,17678.98345367099,14319.976597473507,29548.924146967875,10800.0,10800.0
2025-06-28,21896.834964359507,0.0,0.0,21896.834964359507,43791.61306555553,43791.61306555553,0.0,19577.30109439891,15857.613886463121,18294.999740953077,10800.0,10800.0
2025-06-29,52072.29732178155,0.0,39.57112959144159,52111.868451373,77258.93755899229,77258.93755899229,5.72664682944162,23147.31824710286,18749.32778015332,3598.9052055388584,10800.0,10800.0
2025-06-30,57735.80465941127,0.0,0.0,57735.80465941127,85269.95443587747,85269.95443587747,0.0,22467.77441093466,18198.89727285707,11123.393314466566,10800.0,10800.0
2025-07-01,63242.91326669061,0.0,8097.311952357572,71340.22521904818,86145.10841965915,86145.10841965915,1074.1918426555112,25116.20126794107,20846.27984207016,4082.8348031104333,10800.0,10242.047983291232
2025-07-02,62750.74214942726,0.0,5185.378433250736,67936.12058267799,85789.4155812457,85789.4155812457,645.8645141247786,19977.695590437448,16020.18955821477,9573.00769648114,10242.047983291232,10421.763394446289
2025-07-03,61855.0297064538,0.0,16776.706637344414,78631.73634379821,82222.06261589639,82222.06261589639,2059.869482916601,21138.788154360187,17073.69240136724,456.41741248671485,10421.763394446289,10475.90339851797
2025-07-04,31685.321536740452,0.0,0.0,31685.321536740452,57043.800069146084,57043.800069146084,0.0,21439.69322554954,17074.464571361306,23797.703948291186,10475.90339851797,10800.0
2025-07-05,26168.721225132118,0.0,0.0,26168.721225132118,46286.68289208408,46286.68289208408,0.0,23522.020098700224,19150.482735822,13125.065562539188,10800.0,10691.503937916868
2025-07-06,52155.71283689389,0.0,95680.68183252084,147836.39466941473,70885.49352595583,70885.49352595583,12089.612192576757,18170.3404325898,15166.183017679996,176.9667536227878,10691.503937916868,10193.495863158805
2025-07-07,63371.52794386048,0.0,1785.3331048689777,65156.86104872946,86250.95341701666,86250.95341701666,252.62687495108264,20935.484959512367,16638.48700250492,8797.099568293646,10193.495863158805,10548.224546158914
2025-07-08,63114.656588771104,0.0,3816.6047309717856,66931.26131974289,85864.96217713108,85864.96217713108,439.1593031232589,25211.7819018836,20194.94543206874,5715.897993772809,10548.224546158914,10800.0
2025-07-09,62756.85828490679,0.0,390.85446646913965,63147.712751375926,85153.81380261715,85153.81380261715,45.35808922590968,22974.402990401053,18609.266422224857,6775.310307000198,10800.0,10800.0
2025-07-10,61753.11225764425,0.0,1324.447486094831,63077.55974373908,84073.3309962411,84073.3309962411,155.91120857763917,23064.99630262085,18682.647005122883,6993.269523987457,10800.0,10800.0
2025-07-11,35851.978689002426,0.0,0.0,35851.978689002426,59485.07476298676,59485.07476298676,0.0,16220.88033988795,13151.95642009463,23897.373693193447,10800.0,10785.507394682896
2025-07-12,28761.362854553267,0.0,0.0,28761.362854553267,49403.53953721544,49403.53953721544,0.0,21566.15181257377,17464.006998398796,14217.15138970713,10785.507394682896,10790.591805556189
2025-07-13,49913.038387402776,0.0,31580.897989716643,81493.93637711942,70872.30382389657,70872.30382389657,4338.332804710975,24961.514633647246,20476.141344828506,1457.5429397888047,10790.591805556189,10504.686814918146
2025-07-14,59422.63000386063,0.0,757.307116209946,60179.93712007057,81523.69227693965,81523.69227693965,88.99748175378522,23286.37805291057,18596.18435628389,5114.816845400098,10504.686814918146,10800.0
2025-07-15,61352.803969266344,0.0,0.0,61352.803969266344,83697.10767796279,83697.10767796279,0.0,21685.297689702034,17565.091128658652,6827.850533586074,10800.0,10800.0
2025-07-16,61166.99394801037,0.0,658.1511877154828,61825.145135725856,82171.04846126055,82171.04846126055,78.45196221483843,21450.127683501705,17374.603423636378,6039.412780276734,10800.0,10800.0
2025-07-17,60320.348400359464,0.0,0.0,60320.348400359464,82413.84631723355,82413.84631723355,0.0,25217.775023379298,20426.397768937237,4902.052996124825,10800.0,10800.0
2025-07-18,36439.83340174118,0.0,0.0,36439.83340174118,61868.365929454994,61868.365929454994,0.0,17072.74846213033,13828.926254325568,27350.29562165024,10800.0,10800.0
2025-07-19,29081.59352950062,0.0,0.0,29081.59352950062,50362.39521219644,50362.39521219644,0.0,20354.80021357512,16580.53305977921,19405.30900840053,10800.0,10696.505681351815
2025-07-20,50035.78300261687,0.0,54807.49321915664,104843.2762217735,69320.89499191887,69320.89499191887,6854.184008611824,20697.379826454784,16820.376349286296,208.09730669555506,10696.505681351815,10634.840470398569
2025-07-21,61055.117478788074,0.0,0.0,61055.117478788074,82137.9092156876,82137.9092156876,0.0,22111.865751397876,17761.967681991,3798.261796280714,10634.840470398569,10800.0
2025-07-22,63025.85327469455,0.0,100.18427995839536,63126.03755465295,85775.33638228766,85775.33638228766,11.783891994406758,23164.67591279903,18763.38748936722,7590.687234183585,10800.0,10800.0
2025-07-23,61632.70642665868,0.0,0.0,61632.70642665868,83982.46844795975,83982.46844795975,0.0,22391.88101605993,18137.42362300855,5511.463938241703,10800.0,10800.0
2025-07-24,62691.16226873429,0.0,0.0,62691.16226873429,84827.48934686322,84827.48934686322,0.0,20750.8415116031,16808.18162439852,7268.357459658645,10800.0,10800.0
2025-07-25,34576.820896889294,0.0,0.0,34576.820896889294,58914.31800837266,58914.31800837266,0.0,17171.849234898604,13909.197880267868,29146.34708707526,10800.0,10800.0
2025-07-26,29696.964163732566,0.0,0.0,29696.964163732566,51040.07126259705,51040.07126259705,0.0,19561.39041065118,15844.726232627458,18854.31551790666,10800.0,10800.0
2025-07-27,54738.01969580743,0.0,32621.80972408237,87359.82941988981,74562.92272097428,74562.92272097428,4107.505205248626,20825.26099788402,16891.00004277467,1050.9771711135559,10800.0,10774.957072790417
2025-07-28,63459.93680587076,0.0,0.0,63459.93680587076,85592.3634274729,85592.3634274729,0.0,24054.353268331186,19461.487512859636,3044.620438668021,10774.957072790417,10800.0
2025-07-29,66165.0355482245,0.0,0.0,66165.0355482245,89878.37280082057,89878.37280082057,0.0,22990.22688439817,18622.08377636252,9440.983742784923,10800.0,10800.0
2025-07-30,65660.019354037,0.0,0.0,65660.019354037,88341.95672079857,88341.95672079857,0.0,22221.720213531753,17999.593372960717,10016.575830227543,10800.0,10800.0
2025-07-31,64666.16790046007,0.0,0.0,64666.16790046007,88162.37958145986,88162.37958145986,0.0,23140.54756618078,18743.843528606427,9070.679277218838,10800.0,10800.0
2025-08-01,32231.268633395197,0.0,0.0,32231.268633395197,55170.965156411745,55170.965156411745,0.0,17075.51016657969,13831.163234929543,30675.258558094938,10800.0,10800.0
2025-08-02,28338.06940805818,0.0,0.0,28338.06940805818,49591.11493467758,49591.11493467758,0.0,19868.691171431707,16128.442181506804,24923.841011419347,10800.0,10761.330741503207
2025-08-03,54370.99282824482,0.0,1508.3791550201313,55879.37198326495,75865.66235275313,75865.66235275313,180.42577377203418,19893.8841231665,16171.04257523215,9483.766595257488,10761.330741503207,10698.001368761777
2025-08-04,59142.8175355775,0.0,0.0,59142.8175355775,81453.02444672109,81453.02444672109,0.0,19085.967376256798,15367.834806653605,12319.236793784563,10698.001368761777,10800.0
2025-08-05,58815.17869709288,0.0,0.0,58815.17869709288,81494.3273409996,81494.3273409996,0.0,21275.86572066149,17233.45123373581,12299.603120740581,10800.0,10800.0
2025-08-06,58719.75677320449,0.0,0.0,58719.75677320449,79998.07834447669,79998.07834447669,0.0,20619.464369460507,16701.76613926301,7965.9808476125245,10800.0,10800.0
2025-08-07,58090.86546597336,0.0,30.580956047091906,58121.44642202045,80370.69646880677,80370.69646880677,3.5106137122135124,21720.13223810682,17593.307112866532,12859.396707278689,10800.0,10800.0
2025-08-08,25872.29922321214,0.0,0.0,25872.29922321214,43644.17097910128,43644.17097910128,0.0,14769.67410225949,16123.583668028068,29222.909294869864,10800.0,6177.613727557915
2025-08-09,27277.604479875616,0.0,0.0,27277.604479875616,48760.803873665514,48760.803873665514,0.0,20627.012050719928,14121.704610234166,23333.56743317976,6177.613727557915,9051.141672945669
2025-08-10,51872.63961686261,0.0,10360.22058790235,62232.86020476496,70630.67427030078,70630.67427030078,1204.873256721547,23176.853300083625,17199.278678718834,553.3538556575373,9051.141672945669,10800.0
2025-08-11,55631.465633359556,0.0,251.8718538282845,55883.33748718784,77947.54368608724,77947.54368608724,28.482625107801027,24794.141527013908,20083.25463688127,8703.886087729079,10800.0,10800.0
2025-08-12,56058.3766355576,0.0,68.41258978544323,56126.78922534305,76386.65454298418,76386.65454298418,8.129500201853716,20014.66163353124,16211.875923160307,4831.454682815094,10800.0,10800.0
2025-08-13,56459.29991451124,0.0,206.06292827358664,56665.36284278483,77724.07902208675,77724.07902208675,23.78518246362171,19895.186581964415,16115.101131391177,7846.799303977142,10800.0,10800.0
2025-08-14,55394.79779247553,0.0,324.68114827701027,55719.478940752546,76725.48203827694,76725.48203827694,38.49799835851627,24203.14863550425,19604.550394758444,6239.09081255632,10800.0,10800.0
2025-08-15,26591.414436051156,0.0,0.0,26591.414436051156,44251.04361520636,44251.04361520636,0.0,13621.32451437125,14063.461292486703,27533.45350998848,10800.0,7433.12396017112
2025-08-16,26663.26796917215,0.0,0.0,26663.26796917215,47519.562457439075,47519.562457439075,0.0,20212.798268300223,13926.638207409214,24304.1220298814,7433.12396017112,10150.599948964418
2025-08-17,49195.177644059964,0.0,14590.60745366296,63785.785097722925,67524.6233850686,67524.6233850686,2162.8243402969815,23208.04706518286,18337.6612536701,1651.668297186156,10150.599948964418,10662.663136884437
2025-08-18,54334.61885401177,0.0,860.3898352297823,55195.00868924156,74971.39174503497,74971.39174503497,102.20666272656422,23193.75700456867,18663.339996896615,6149.065783422819,10662.663136884437,10800.0
2025-08-19,54367.02039977885,0.0,1128.7162215279056,55495.73662130675,74779.54057794559,74779.54057794559,132.58765754768626,21578.234782638057,17478.370173936826,6494.6035767920475,10800.0,10800.0
2025-08-20,54757.439128038146,0.0,14102.596822373347,68860.03595041149,74400.08366965372,74400.08366965372,2001.9059520013652,23107.108174062985,18716.757620991026,1360.948001916452,10800.0,10800.0
2025-08-21,55119.348109993734,0.0,156.78312947796255,55276.131239471695,76343.83340554954,76343.83340554954,19.116396936897218,19154.798266784015,15515.38659609505,6879.119648464135,10800.0,10800.0
2025-08-22,28398.68627519111,0.0,0.0,28398.68627519111,49655.25072175643,49655.25072175643,0.0,20248.803632438252,16401.53094227499,24577.40863159316,10800.0,10800.0
2025-08-23,25141.38132394321,0.0,0.0,25141.38132394321,45551.02446746489,45551.02446746489,0.0,22212.907427080005,17992.4550159348,18800.565906319687,10800.0,10800.0
2025-08-24,49045.299814928454,0.0,25938.86236140279,74984.16217633124,67357.09478410722,67357.09478410722,3575.147706250496,22312.95906633222,18218.464456854872,3104.158397547034,10800.0,10638.924874304697
2025-08-25,54160.18288553176,0.0,17947.726528408235,72107.90941394,74085.88777735319,74085.88777735319,2120.6423504343347,21182.51668849092,17012.87090455187,1263.7973271818128,10638.924874304697,10800.0
2025-08-26,54586.0456685111,0.0,114.4223714779573,54700.46803998906,76837.59510797689,76837.59510797689,13.496319060433962,24715.322370820242,20019.411120364395,6626.361793248133,10800.0,10800.0
2025-08-27,54224.315810563596,0.0,417.95896711426536,54642.27477767786,75391.30815062487,75391.30815062487,50.940170385618785,24495.866368557057,19841.651758531218,2873.8848443179804,10800.0,10800.0
2025-08-28,54256.771906569,0.0,8914.943490491154,63171.71539706016,75158.6948321947,75158.6948321947,1071.93460034862,23078.387957119958,18721.151585644355,1105.5980777343896,10800.0,10769.269621803129
2025-08-29,28758.553335157405,0.0,0.0,28758.553335157405,50092.930373956886,50092.930373956886,0.0,19812.002842135298,16020.064961752405,23745.772143573995,10769.269621803129,10800.0
2025-08-30,24464.29279599635,0.0,0.0,24464.29279599635,42562.46952255385,42562.46952255385,0.0,16669.25216188606,15349.85861426314,22730.356141597604,10800.0,8746.928485405077
2025-08-31,48208.04433123652,0.0,43527.573941850686,91735.6182730872,67227.58841929295,67227.58841929295,5706.029073857956,21022.86825066823,15245.531710124242,509.65786927358556,8746.928485405077,10728.030233090663
2025-09-01,48431.68680084938,0.0,0.0,48431.68680084938,75227.10065329052,75227.10065329052,0.0,16957.710696709328,13670.97287411616,18366.22829736402,10728.030233090663,10800.0
2025-09-02,45496.318278452214,0.0,0.0,45496.318278452214,71425.10916130355,71425.10916130355,0.0,20998.971765219456,17009.16712982776,13377.548675911858,10800.0,10800.0
2025-09-03,46812.316090060674,0.0,0.0,46812.316090060674,71827.69085787493,71827.69085787493,0.0,19328.229094815422,15655.865566800498,12607.610079860005,10800.0,10800.0
2025-09-04,45259.29828187935,0.0,0.0,45259.29828187935,70492.30141406479,70492.30141406479,0.0,21230.892671222686,17197.02306369038,12532.866256532478,10800.0,10800.0
2025-09-05,24698.732950413338,0.0,0.0,24698.732950413338,49508.53896936753,49508.53896936753,0.0,14554.151133507927,11788.862418141412,39918.988587334345,10800.0,10800.0
2025-09-06,20292.137220566212,0.0,0.0,20292.137220566212,42249.332086433584,42249.332086433584,0.0,17995.31902032349,14576.208406462029,31109.137772572125,10800.0,10800.0
2025-09-07,35656.006014685074,0.0,24187.860930321585,59843.86694500666,56131.30817841605,56131.30817841605,3854.801809550996,20648.361223301214,16725.172590873983,1101.9377388731536,10800.0,10800.0
2025-09-08,41737.444813497415,0.0,4787.073955393312,46524.518768890724,64856.53072918216,64856.53072918216,728.9035333678435,21006.870378727952,17015.56500676964,2198.5593572583666,10800.0,10800.0
2025-09-09,42414.40698920148,0.0,62.02298720000055,42476.42997640148,66505.05005010254,66505.05005010254,9.099616666666748,20599.680125918327,16685.74090199385,9497.376176178059,10800.0,10800.0
2025-09-10,41968.05325988755,0.0,13610.70521554134,55578.75847542889,65078.741266690675,65078.741266690675,2218.1802119830663,22910.701670397975,18557.66835302236,1627.8895112981331,10800.0,10800.0
2025-09-11,42521.57069102068,0.0,0.0,42521.57069102068,67721.07118100818,67721.07118100818,0.0,22161.06869513866,17950.465643062314,10014.38234559852,10800.0,10800.0
2025-09-12,24256.072990798217,0.0,0.0,24256.072990798217,49394.00882908589,49394.00882908589,0.0,16704.73766490924,13530.837508576482,34668.45247275314,10800.0,10800.0
2025-09-13,19648.454471545196,0.0,0.0,19648.454471545196,41744.72492452759,41744.72492452759,0.0,18858.120682104956,15275.077752505009,30154.580511594308,10800.0,10800.0
2025-09-14,33514.80057556164,0.0,64374.094111856,97888.89468741763,52780.67362786607,52780.67362786607,10488.920874352116,18292.21908638197,15177.86637907365,55.91704490987388,10800.0,10398.701200995278
2025-09-15,42223.18391668001,0.0,373.9193902485117,42597.103306928526,66548.5916257654,66548.5916257654,71.72217074818379,22147.789204022716,17578.54033615415,6984.034295311698,10398.701200995278,10800.0
2025-09-16,41677.40765167611,0.0,234.3209272355264,41911.728578911636,64252.56384930314,64252.56384930314,35.39356970779875,24324.087512177506,19702.510884863776,174.610808363871,10800.0,10800.0
2025-09-17,43232.41611910956,0.0,443.4213226003226,43675.83744170988,67897.88162595476,67897.88162595476,91.34773582740222,24442.241151021874,19798.215332327716,3385.0851430880025,10800.0,10800.0
2025-09-18,42062.233744357014,0.0,70.55101552588252,42132.784759882896,66731.01806753298,66731.01806753298,10.39209036117245,23056.28574752524,18675.591455495443,3404.664749197684,10800.0,10800.0
2025-09-19,24199.34136795226,0.0,0.0,24199.34136795226,48976.65643048921,48976.65643048921,0.0,15746.208961248038,12754.429258610915,29883.52441118542,10800.0,10800.0
2025-09-20,19170.87387288093,0.0,0.0,19170.87387288093,41175.87189927917,41175.87189927917,0.0,19828.551102575846,16061.12639308644,21763.013456456436,10800.0,10800.0
2025-09-21,35164.41168954775,0.0,41320.79151658435,76485.20320613211,55207.73206674921,55207.73206674921,6498.115498400244,18020.86871973416,14736.133626200006,133.62498828196806,10800.0,10645.300040871853
2025-09-22,43473.43166468901,0.0,1119.505527969356,44592.93719265836,67266.0174537113,67266.0174537113,189.86781309050343,22560.067992179367,18255.10793745402,2536.9053287431366,10645.300040871853,10665.907969995482
2025-09-23,43392.38794913429,0.0,3911.7761286787454,47304.16407781303,67760.44023127064,67760.44023127064,594.1097321285537,23124.030752690272,18658.28288059095,1772.1865079665313,10665.907969995482,10746.1102245379
2025-09-24,44901.2306628967,0.0,355.15538442993477,45256.38604732663,69486.25943279898,69486.25943279898,73.96948528923265,22340.4870769041,18047.293734376435,4203.810475560539,10746.1102245379,10800.0
2025-09-25,44279.68447176287,0.0,300.30416874323606,44579.988640506104,69055.40800903752,69055.40800903752,47.8514948177665,22276.354688522726,18108.313104369296,4599.769019701869,10800.0,10728.371325926786
2025-09-26,22404.40060893114,0.0,0.0,22404.40060893114,47273.23298208032,47273.23298208032,0.0,16956.690460904396,13670.453466666666,26292.75248784259,10728.371325926786,10800.0
2025-09-27,19051.9685316607,0.0,0.0,19051.9685316607,40062.62672571401,40062.62672571401,0.0,19565.31421457218,15847.904513803467,18543.914774945304,10800.0,10800.0
2025-09-28,38348.26540030564,0.0,43368.05093692013,81716.31633722577,60006.020537452794,60006.020537452794,7015.847275757802,19873.23059045432,16423.046481377525,84.05453746714329,10800.0,10438.078107656082
2025-09-29,44962.25603595346,0.0,2407.983222686208,47370.23925863967,69811.118921473,69811.118921473,368.65291254981446,22836.915595285143,18306.837514379215,2889.8021531168856,10438.078107656082,10650.37157188025
2025-09-30,45060.864377412334,0.0,5951.085872259488,51011.95024967182,70179.80964081927,70179.80964081927,923.393800018369,25100.093677673598,20211.52658796368,792.4615844610468,10650.37157188025,10783.204117382395
2025-10-01,44186.12477737712,0.0,0.0,44186.12477737712,71852.02065036393,71852.02065036393,0.0,17956.73791332248,14529.84141543536,18763.602619143487,10783.204117382395,10800.0
2025-10-02,40451.310849783236,0.0,0.0,40451.310849783236,65301.029297977584,65301.029297977584,0.0,19563.94448550116,15846.795033255949,9853.096729065715,10800.0,10800.0
2025-10-03,18779.07660692875,0.0,0.0,18779.07660692875,42995.594396150176,42995.594396150176,0.0,16691.273279587072,13519.931356465533,32007.098773028636,10800.0,10800.0
2025-10-04,16599.886569631875,0.0,0.0,16599.886569631875,37918.091530209604,37918.091530209604,0.0,18938.13520974396,15339.889519892602,21223.863407024914,10800.0,10800.0
2025-10-05,36150.620128029404,0.0,8128.045347841109,44278.66547587051,59589.66936997128,59589.66936997128,1463.92646974102,22049.71604611448,17917.618033825118,2185.5367607562735,10800.0,10736.27995947513
2025-10-06,41824.06624428443,0.0,0.0,41824.06624428443,66418.91752760773,66418.91752760773,0.0,20810.834628071287,16799.428012265358,4674.401661801814,10736.27995947513,10800.0
2025-10-07,42035.73636281626,0.0,0.0,42035.73636281626,67278.2929816975,67278.2929816975,0.0,21992.338264677735,17813.793994388972,5328.185711408739,10800.0,10800.0
2025-10-08,41180.44615300883,0.0,0.0,41180.44615300883,66106.55785507878,66106.55785507878,0.0,21534.944390180186,17443.304956045948,5536.422754277869,10800.0,10800.0
2025-10-09,40285.92333020798,0.0,0.0,40285.92333020798,65010.3422887393,65010.3422887393,0.0,21102.753333870576,17093.230200435166,5240.837471970568,10800.0,10800.0
2025-10-10,18624.052765085275,0.0,0.0,18624.052765085275,42601.80352722297,42601.80352722297,0.0,18151.519229990285,14702.730576292133,29809.40395685815,10800.0,10800.0
2025-10-11,16340.584824172836,0.0,0.0,16340.584824172836,38152.50508802537,38152.50508802537,0.0,19812.953445736843,16048.492291046852,20281.73035000204,10800.0,10800.0
2025-10-12,35787.57970855388,0.0,18975.664530628404,54763.244239182284,59295.52392664332,59295.52392664332,3147.9989181348697,21583.941303555584,17700.26300866357,44.88856655284326,10800.0,10558.58827468496
2025-10-13,41871.27227528219,0.0,0.0,41871.27227528219,67606.79863991836,67606.79863991836,0.0,22091.724553967713,17677.026335930314,6164.705121880963,10558.58827468496,10800.0
2025-10-14,42070.457099260326,0.0,1052.321153823276,43122.778253083605,67385.99620947105,67385.99620947105,205.2948976911161,22647.35503904362,18344.357581625336,2514.4643664105424,10800.0,10800.0
2025-10-15,41535.12011666221,0.0,499.6116861056005,42034.73180276781,67266.55183170558,67266.55183170558,75.96923684415731,25003.916013155125,20253.171970655654,671.7533760502729,10800.0,10800.0
2025-10-16,42464.52651191388,0.0,7200.181659233476,49664.70817114736,67557.69549996662,67557.69549996662,1104.6905963008292,22493.153756711312,18219.454542936168,1422.2139324923091,10800.0,10800.0
2025-10-17,19091.533050194565,0.0,0.0,19091.533050194565,42705.38732481141,42705.38732481141,0.0,16712.695308570568,13537.28319994216,23525.77589951634,10800.0,10800.0
2025-10-18,15875.311584597017,0.0,0.0,15875.311584597017,37666.774322188394,37666.774322188394,0.0,20350.58607243011,16487.975042244485,17727.5700253361,10800.0,10795.55519602656
2025-10-19,38163.73290391874,0.0,39996.16159589957,78159.8944998183,61425.98525954411,61425.98525954411,6414.538365139357,20103.79000261758,16401.750115019757,252.76120375232108,10795.55519602656,10664.799403915978
2025-10-20,45117.548616665845,0.0,2527.2829202762073,47644.83153694205,71100.49880615916,71100.49880615916,476.323294591538,22419.984559585675,18038.506956788784,2754.562131287151,10664.799403915978,10800.0
2025-10-21,46378.68723884858,0.0,0.0,46378.68723884858,72129.13390553276,72129.13390553276,0.0,22104.560592491678,17904.694079918256,1466.6860429593416,10800.0,10800.0
2025-10-22,45545.66695567442,0.0,4187.261631522317,49732.92858719673,71861.90982569128,71861.90982569128,772.8413148022269,22640.756560574744,18382.793174640683,2821.891054559451,10800.0,10751.355154916517
2025-10-23,45310.15571832268,0.0,0.0,45310.15571832268,72111.59713257418,72111.59713257418,0.0,22970.36540156597,18562.215614693305,4323.950312368184,10751.355154916517,10800.0
2025-10-24,17929.723987487785,0.0,0.0,17929.723987487785,41440.49419508408,41440.49419508408,0.0,18040.022860385572,14612.418516912312,19592.839134944155,10800.0,10800.0
2025-10-25,15859.12621415266,0.0,0.0,15859.12621415266,37984.40390682726,37984.40390682726,0.0,19239.78102308971,15584.22262870266,14930.412779106879,10800.0,10800.0
2025-10-26,41459.10128597498,0.0,14559.210291071451,56018.311577046436,66507.31398110771,66507.31398110771,2439.434448206013,23284.00660930932,18984.00055979819,102.43036313593893,10800.0,10662.271993047065
2025-10-27,46255.48214231839,0.0,2287.661989336113,48543.1441316545,73479.35851807287,73479.35851807287,362.33251834906497,23912.941463649135,19268.933806857065,5645.101712963204,10662.271993047065,10773.992858267888
2025-10-28,47096.957846108606,0.0,0.0,47096.957846108606,73055.00478522148,73055.00478522148,0.0,22897.551084971135,18523.60995126772,2708.6419515180633,10773.992858267888,10800.0
2025-10-29,46580.68360723277,0.0,12144.957049529257,58725.64065676203,72199.69847814781,72199.69847814781,1924.6841978320795,22031.734748795654,17904.716289158037,685.1074163422767,10800.0,10734.432063740482
2025-10-30,48104.83949954122,0.0,1132.062619737199,49236.90211927842,74155.62655811784,74155.62655811784,197.51845906219216,21549.243650492957,17502.150746033643,5518.234462720726,10734.432063740482,10681.91718692454
2025-10-31,17812.10258325618,0.0,0.0,17812.10258325618,41736.78427404202,41736.78427404202,0.0,20009.179613304106,16101.160955008407,13924.473549079652,10681.91718692454,10800.0
2025-11-01,15718.48310122226,0.0,0.0,15718.48310122226,37961.46617779447,37961.46617779447,0.0,19721.737897715022,15974.607697149173,11670.297543895284,10800.0,10800.0
2025-11-02,43983.0029187538,0.0,23257.72601342554,67240.72893217934,69035.25304307377,69035.25304307377,3892.0393649761927,21437.3098547049,17536.493362593203,230.09198260492985,10800.0,10608.58624413085
2025-11-03,49816.129543252726,0.0,0.0,49816.129543252726,76554.50676426047,76554.50676426047,0.0,23537.39742460627,18902.920160696507,2415.0992170173627,10608.58624413085,10788.999303280374
2025-11-04,50446.849546831436,0.0,2675.282559703041,53122.132106534475,77162.48985994347,77162.48985994347,427.01198337310456,21622.045127106907,17503.955925908936,5891.340608785282,10788.999303280374,10800.0
2025-11-05,50877.506384889755,0.0,0.0,50877.506384889755,76948.09046190241,76948.09046190241,0.0,24184.238182976853,19589.232928211255,2675.0651404701453,10800.0,10800.0
2025-11-06,51345.377441507095,0.0,4285.4459418270235,55630.82338333412,77368.3214452714,77368.3214452714,813.2505910246506,24342.043842919913,19843.203989468126,2313.1476328442723,10800.0,10659.83502588556
2025-11-07,18652.980667448603,0.0,0.0,18652.980667448603,43457.79153814077,43457.79153814077,0.0,19421.854329465612,15605.55353016415,16323.028955505983,10659.83502588556,10800.0
2025-11-08,16571.399092714953,0.0,0.0,16571.399092714953,38904.09831895932,38904.09831895932,0.0,18955.348694858145,15353.832442835099,11511.374966936277,10800.0,10800.0
2025-11-09,47210.0868571872,0.0,20140.052770717783,67350.13962790498,72997.58887101982,72997.58887101982,3259.7910161775126,24392.123155287445,19863.244976808717,381.6845253852864,10800.0,10682.638643304565
2025-11-10,53443.65108197517,0.0,974.7826849378177,54418.43376691299,79872.86843010926,79872.86843010926,162.28238196912048,26076.527299424408,21051.74767671438,1151.9280893683467,10682.638643304565,10760.682460881671
2025-11-11,54106.0322475448,0.0,0.0,54106.0322475448,81252.68648719706,81252.68648719706,0.0,24277.47901164629,19629.372214226998,5045.560023111097,10760.682460881671,10800.0
2025-11-12,53705.51660322527,0.0,60.579686666667136,53766.09628989193,80689.46052481495,80689.46052481495,11.773333333333426,23463.14419766952,19005.14680011232,5287.248710591085,10800.0,10800.0
2025-11-13,54421.912273033595,0.0,0.0,54421.912273033595,80231.62153463502,80231.62153463502,0.0,22848.002211966574,18506.881791692933,3494.62979769471,10800.0,10800.0
2025-11-14,19258.59907582098,0.0,0.0,19258.59907582098,44696.73504598702,44696.73504598702,0.0,17178.438930460197,13914.535533672766,13834.376349199592,10800.0,10800.0
2025-11-15,17421.119198625813,0.0,0.0,17421.119198625813,39923.309580248126,39923.309580248126,0.0,19966.21985793619,16172.638084928309,7917.840890573581,10800.0,10800.0
2025-11-16,50931.790830579885,0.0,16537.3783605779,67469.16919115778,76707.35533999497,76707.35533999497,2706.4019639851012,23714.890621465696,19378.497561060467,642.8198602415346,10800.0,10611.737602585272
2025-11-17,55994.270860263365,0.0,0.0,55994.270860263365,83225.1296999707,83225.1296999707,0.0,24945.14362804542,20036.130181043536,5620.361919635483,10611.737602585272,10800.0
2025-11-18,55982.93824294301,0.0,0.0,55982.93824294301,82266.46246060297,82266.46246060297,0.0,24779.556895190024,20071.44108510393,2667.7948171835415,10800.0,10800.0
2025-11-19,57337.77621648536,0.0,7.028182500000531,57344.80439898536,83012.54574870547,83012.54574870547,1.3850000000001046,24225.555514263346,19622.699966553304,3042.763600995426,10800.0,10800.0
2025-11-20,56507.84468702438,0.0,0.0,56507.84468702438,83165.33794709563,83165.33794709563,0.0,23586.756473713376,19105.272743707836,3890.7781837567604,10800.0,10800.0
2025-11-21,20675.400353121506,0.0,0.0,20675.400353121506,47483.59089117727,47483.59089117727,0.0,18048.66892397175,14619.421828417118,15189.959728955975,10800.0,10800.0
2025-11-22,18345.33708089397,0.0,0.0,18345.33708089397,42313.93576512969,42313.93576512969,0.0,21526.869577292422,17436.764357606866,8004.001062110806,10800.0,10800.0
2025-11-23,52920.88304050397,0.0,10832.853963752668,63753.73700425664,78618.15534150254,78618.15534150254,1862.42480181879,24027.123864176076,19527.84035408598,749.200349897905,10800.0,10726.811084329605
2025-11-24,57481.67868228603,0.0,99.52995899999979,57581.20864128603,84096.87455024212,84096.87455024212,18.83966666666663,22601.02167144657,18240.957529768373,5593.706375230588,10726.811084329605,10800.0
2025-11-25,56835.809595082836,0.0,0.0,56835.809595082836,83311.35106458532,83311.35106458532,0.0,22480.112257079072,18208.890928234046,2871.4692690736324,10800.0,10800.0
2025-11-26,58761.76341299189,0.0,177.73418883333318,58939.49760182522,84691.97257541938,84691.97257541938,32.99316666666664,22712.239945844543,18396.914356134075,3651.973269042256,10800.0,10800.0
2025-11-27,58514.22022636965,0.0,0.0,58514.22022636965,84433.62507862417,84433.62507862417,0.0,22000.60946591186,17820.49366738861,4472.6165467676055,10800.0,10800.0
2025-11-28,20948.085376069266,0.0,0.0,20948.085376069266,48583.167130325746,48583.167130325746,0.0,17788.394249675053,14408.599342236797,14282.133672887496,10800.0,10800.0
2025-11-29,18629.025102328353,0.0,0.0,18629.025102328353,43955.97312084265,43955.97312084265,0.0,21153.127049451396,17134.032910055634,5007.428881446895,10800.0,10800.0
2025-11-30,56087.74455948456,0.0,19569.16030908114,75656.9048685657,81479.05916751789,81479.05916751789,3092.6454255587414,23039.24074699863,18785.163027709328,72.79875712066905,10800.0,10662.913308177292
2025-12-01,63939.693056778066,0.0,29631.229189755803,93570.92224653387,87669.18424870519,87669.18424870519,4392.871050279873,25067.90938076476,20186.905404708225,882.1235895951959,10662.913308177292,10794.136856745332
2025-12-02,65834.77241388624,0.0,33349.08975706304,99183.86217094929,88574.1496516248,88574.1496516248,4820.116483076682,24423.462360286885,19820.39099582513,153.3848202397353,10794.136856745332,10752.596318975604
2025-12-03,67415.25652988028,0.0,12030.528171438109,79445.7847013184,90766.60928421287,90766.60928421287,1760.6797611244597,26105.513061839963,21153.303987999978,412.33140483069917,10752.596318975604,10743.886976853828
2025-12-04,66787.14076755111,0.0,18183.940006505145,84971.08077405626,90809.16375916728,90809.16375916728,2739.4509681211016,24983.43081690318,20186.077240860017,1980.0524012452158,10743.886976853828,10800.0
2025-12-05,28362.154051149435,0.0,0.0,28362.154051149435,59036.223059862605,59036.223059862605,0.0,18149.720073204364,14701.273259295536,14276.148562620445,10800.0,10800.0
2025-12-06,24720.927548121275,0.0,0.0,24720.927548121275,52498.450695340776,52498.450695340776,0.0,21082.329322938367,17076.686751580077,4828.177307315833,10800.0,10800.0
2025-12-07,60873.535885245685,0.0,53951.80085088768,114825.33673613337,84365.55407182488,84365.55407182488,7639.225876457612,23775.10921993761,19576.49253174373,153.48201008861997,10800.0,10445.939929339713
2025-12-08,70362.11463001958,0.0,0.0,70362.11463001958,94502.453156401,94502.453156401,0.0,25120.032785887015,20028.57249297423,1563.7817468215592,10445.939929339713,10800.0
2025-12-09,69752.42524669881,0.0,2367.586691179875,72120.01193787869,94696.14912943273,94696.14912943273,324.50526945076274,24877.60975448512,20150.863901132943,2905.454278864656,10800.0,10800.0
2025-12-10,71068.01815651725,0.0,0.0,71068.01815651725,94581.37972336535,94581.37972336535,0.0,24976.255173942598,20230.766690893503,1448.2727736495913,10800.0,10800.0
2025-12-11,69939.56693744031,0.0,0.0,69939.56693744031,95236.898946214,95236.898946214,0.0,23444.418640597076,18989.979098883632,4821.204704500577,10800.0,10800.0
2025-12-12,34008.98929976603,0.0,0.0,34008.98929976603,66947.10694253368,66947.10694253368,0.0,15872.86490701716,12857.020574683904,20216.849126867084,10800.0,10800.0
2025-12-13,28262.39816717551,0.0,0.0,28262.39816717551,58802.86402883509,58802.86402883509,0.0,19597.539133733415,15874.006698324065,11280.798210092404,10800.0,10800.0
2025-12-14,62354.837947608656,0.0,52255.93271455542,114610.77066216408,85742.36991589968,85742.36991589968,7397.606737552902,24199.371881270385,19847.185766945193,9.068739127383992,10800.0,10527.00606320424
2025-12-15,73611.7690280189,0.0,30.3336193863983,73642.10264740529,97492.22868427348,97492.22868427348,4.2083267739176335,24119.625775159206,19291.202334762776,3198.455603984309,10527.00606320424,10800.0
2025-12-16,73909.24829608852,0.0,0.0,73909.24829608852,98293.59991899203,98293.59991899203,0.0,24499.875734852474,19844.899345230504,4220.53219603672,10800.0,10800.0
2025-12-17,73779.82201150799,0.0,0.0,73779.82201150799,98006.0046116649,98006.0046116649,0.0,22808.538649456037,18474.916306059386,5480.535201601594,10800.0,10800.0
2025-12-18,72637.27057824007,0.0,0.0,72637.27057824007,97668.78835583005,97668.78835583005,0.0,25514.907556325183,20667.075120623398,5454.688953461603,10800.0,10800.0
2025-12-19,35753.77484585467,0.0,0.0,35753.77484585467,69834.77764022835,69834.77764022835,0.0,15746.428110074214,12754.60676916012,23934.56499931426,10800.0,10800.0
2025-12-20,28749.296470454858,0.0,0.0,28749.296470454858,60368.97663937735,60368.97663937735,0.0,18759.408580471903,15195.120950182245,13948.336759087695,10800.0,10800.0
2025-12-21,64863.53943092318,0.0,33408.56484075662,98272.1042716798,88870.33981339926,88870.33981339926,4732.412132260294,23727.3854358256,19331.928341198894,169.51298436618396,10800.0,10674.726513133157
2025-12-22,75945.37379414996,0.0,0.0,75945.37379414996,99953.48364788132,99953.48364788132,0.0,24188.471783468387,19479.916006429237,6307.500787508847,10674.726513133157,10800.0
2025-12-23,75467.39339065738,0.0,0.0,75467.39339065738,100359.52002579255,100359.52002579255,0.0,25083.750983086684,20317.838296300215,8335.514805672763,10800.0,10800.0
2025-12-24,74181.53498150416,0.0,0.0,74181.53498150416,99165.80801948217,99165.80801948217,0.0,23756.164841651516,19242.49352173773,6797.57738290172,10800.0,10800.0
2025-12-25,74768.77294197326,0.0,0.0,74768.77294197326,99469.96105675056,99469.96105675056,0.0,24606.18586281629,19931.010548881197,6982.337209482132,10800.0,10800.0
2025-12-26,34195.039127016236,0.0,0.0,34195.039127016236,68485.40775953676,68485.40775953676,0.0,17206.034328357513,13936.887805969585,22208.638803815506,10800.0,10800.0
2025-12-27,28736.961991782628,0.0,0.0,28736.961991782628,61290.98302857072,61290.98302857072,0.0,21190.505063995584,17164.30910183642,13925.97799974489,10800.0,10800.0
2025-12-28,67776.92313583117,0.0,9530.175149380208,77307.09828521137,92883.76978052527,92883.76978052527,1317.4482030257195,24960.440213541122,20233.696625367396,2665.2196453772663,10800.0,10782.511052889919
2025-12-29,75528.73111873149,0.0,0.0,75528.73111873149,100562.11726001209,100562.11726001209,0.0,21800.30991631482,17642.510979815936,8880.552056846547,10782.511052889919,10800.0
2025-12-30,74381.21383360057,0.0,0.0,74381.21383360057,100662.00958270174,100662.00958270174,0.0,24437.96560765791,19794.752142202906,9794.393517246734,10800.0,10800.0
2025-12-31,71774.93682613305,0.0,0.0,71774.93682613305,93783.46975227658,93783.46975227658,0.0,19962.62988849028,20295.799522607067,5470.2164530600385,10800.0,6215.478541188953
